{"stats":{"minecraft:picked_up":{"minecraft:wooden_axe":2,"minecraft:birch_log":77,"born_in_chaos_v1:corpse_maggot":20,"minecraft:crafting_table":4,"minecraft:leather_chestplate":1,"minecraft:leather_leggings":1,"minecraft:oak_stairs":3,"minecraft:birch_planks":308,"minecraft:oak_log":165,"minecraft:shield":1,"scalinghealth:heart_crystal":3,"mca:book_romance":1,"minecraft:leather_boots":1,"minecraft:bone":5,"minecraft:apple":8,"minecraft:stone_pickaxe":1,"minecraft:enchanted_golden_apple":1,"minecraft:sugar_cane":3,"minecraft:birch_sapling":16,"minecraft:oak_planks":51,"minecraft:spruce_trapdoor":18,"minecraft:furnace":1,"slashblade:proudsoul_tiny":1,"minecraft:stick":52,"minecraft:cooked_porkchop":2,"patchouli:guide_book":6,"minecraft:oak_fence":12,"minecraft:torch":16,"iceandfire:silver_ore":15,"minecraft:jungle_planks":38,"simplefarming:raspberries":24,"minecraft:dark_oak_log":1,"simplefarming:raspberry_bush":14,"alexsmobs:animal_dictionary":1,"mining_helmet:mining_helmet":1,"byg:biomepedia":1,"minecraft:arrow":1,"minecraft:stone_axe":1,"prefab:item_swift_blade_stone":1,"scalinghealth:power_crystal":1,"minecraft:oak_sapling":60,"minecraft:coal":4,"minecraft:cobblestone":108},"minecraft:used":{"minecraft:stone_pickaxe":48,"minecraft:wooden_pickaxe":59,"minecraft:crafting_table":2,"minecraft:dark_oak_planks":2,"minecraft:wooden_axe":61,"minecraft:bread":9,"scalinghealth:power_crystal":1,"minecraft:stone_axe":1,"prefab:item_swift_blade_stone":43,"minecraft:cooked_porkchop":2},"minecraft:dropped":{"iceandfire:silver_ore":5,"patchouli:guide_book":5,"scalinghealth:power_crystal":1,"minecraft:spruce_trapdoor":6,"minecraft:wooden_axe":1,"born_in_chaos_v1:corpse_maggot":12,"gravestone:obituary":3,"minecraft:oak_stairs":1,"minecraft:bone":5},"minecraft:crafted":{"minecraft:crafting_table":1,"minecraft:furnace":1,"minecraft:birch_planks":308,"minecraft:stone_axe":1,"minecraft:stick":4,"minecraft:stone_pickaxe":1,"minecraft:wooden_axe":1,"minecraft:dark_oak_planks":4},"minecraft:killed":{"minecraft:vindicator":1,"born_in_chaos_v1:maggot":2,"minecraft:skeleton":1,"minecraft:pillager":2,"minecraft:zombie":1,"born_in_chaos_v1:corpse_fly":2},"minecraft:mined":{"simplefarming:raspberry_bush":7,"iceandfire:silver_ore":5,"minecraft:mossy_cobblestone":1,"minecraft:dark_oak_log":1,"minecraft:oak_fence":6,"minecraft:crafting_table":2,"minecraft:spruce_trapdoor":6,"gravestone:gravestone":2,"minecraft:jungle_planks":21,"minecraft:copper_ore":7,"minecraft:oak_planks":19,"minecraft:birch_log":77,"minecraft:oak_log":58,"minecraft:coal_ore":33,"minecraft:oak_stairs":1,"minecraft:stone":61,"minecraft:oak_leaves":132},"minecraft:broken":{"minecraft:wooden_axe":1,"minecraft:wooden_pickaxe":1},"minecraft:custom":{"minecraft:mob_kills":10,"minecraft:interact_with_crafting_table":2,"minecraft:leave_game":2,"minecraft:time_since_death":3509,"minecraft:time_since_rest":3543,"minecraft:sprint_one_cm":72466,"minecraft:damage_taken":1386,"minecraft:walk_one_cm":74812,"minecraft:drop":21,"minecraft:damage_dealt":1751,"minecraft:swim_one_cm":5145,"minecraft:fly_one_cm":16336,"minecraft:crouch_one_cm":1686,"minecraft:play_time":37521,"minecraft:deaths":4,"minecraft:sneak_time":349,"minecraft:walk_under_water_one_cm":3262,"minecraft:jump":208,"minecraft:walk_on_water_one_cm":9413,"minecraft:total_world_time":37521,"minecraft:fall_one_cm":4885},"minecraft:killed_by":{"minecraft:vindicator":2,"apollyon:the_damned":1}},"DataVersion":3120}