{"stats":{"minecraft:crafted":{"corail_dt:dt":1,"sophisticatedbackpacks:stack_upgrade_tier_1":1,"minecraft:furnace":2,"minecraft:stone_button":1,"minecraft:stone":11,"minecraft:cooked_mutton":6,"immersive_armors:wooden_chestplate":2,"minecraft:hopper":1,"grapplemod:grapplinghook":1,"minecraft:stone_pickaxe":1,"minecraft:chest":2,"sophisticatedbackpacks:stack_upgrade_tier_2":1,"minecraft:dark_oak_planks":4,"sophisticatedbackpacks:iron_backpack":1,"minecraft:cooked_beef":11,"minecraft:coal_block":23,"sophisticatedbackpacks:backpack":1,"minecraft:cooked_porkchop":3,"minecraft:crafting_table":6,"immersive_armors:wooden_leggings":1,"sophisticatedbackpacks:gold_backpack":1,"minecraft:gold_block":8,"minecraft:birch_planks":308,"minecraft:stone_axe":1,"sophisticatedbackpacks:upgrade_base":1,"minecraft:air":0,"immersive_armors:wooden_boots":1,"minecraft:string":24,"minecraft:charcoal":2,"minecraft:stick":48,"minecraft:iron_pickaxe":1,"minecraft:wooden_axe":1,"minecraft:iron_block":8,"minecraft:white_bed":1,"minecraft:torch":260},"minecraft:custom":{"lootr:looted_stat":68,"minecraft:mob_kills":107,"minecraft:interact_with_crafting_table":38,"minecraft:open_barrel":10,"minecraft:damage_dealt_resisted":1435,"minecraft:leave_game":3,"minecraft:time_since_death":88990,"minecraft:damage_resisted":66,"minecraft:climb_one_cm":4523,"minecraft:sprint_one_cm":328410,"minecraft:walk_one_cm":428103,"minecraft:drop":69,"minecraft:play_noteblock":3,"minecraft:play_time":194769,"minecraft:sneak_time":1937,"minecraft:deaths":9,"minecraft:walk_under_water_one_cm":49163,"minecraft:jump":1612,"minecraft:walk_on_water_one_cm":137732,"minecraft:total_world_time":194769,"minecraft:interact_with_furnace":46,"minecraft:tune_noteblock":165,"minecraft:sleep_in_bed":3,"minecraft:time_since_rest":7913,"minecraft:damage_taken":7385,"minecraft:damage_absorbed":46,"minecraft:trigger_trapped_chest":1,"minecraft:damage_dealt":20649,"minecraft:swim_one_cm":60076,"minecraft:fly_one_cm":187970,"minecraft:open_chest":8,"minecraft:crouch_one_cm":3365,"minecraft:interact_with_smoker":1,"minecraft:fall_one_cm":41515},"minecraft:broken":{"minecraft:wooden_pickaxe":1,"minecraft:leather_boots":1,"minecraft:wooden_axe":1},"minecraft:mined":{"simplefarming:raspberry_bush":7,"minecraft:spruce_planks":10,"minecraft:white_bed":1,"iceandfire:silver_ore":5,"minecraft:mossy_cobblestone":3,"minecraft:andesite_stairs":1,"minecraft:dark_oak_log":4,"minecraft:brewing_stand":1,"minecraft:spruce_trapdoor":7,"gravestone:gravestone":8,"minecraft:dark_oak_fence":4,"minecraft:jungle_planks":21,"iceandfire:pixie_house_oak":1,"minecraft:spruce_leaves":3,"minecraft:spawner":3,"minecraft:nether_wart":13,"minecraft:smooth_stone":1,"corail_dt:dt":6,"minecraft:carrots":17,"minecraft:furnace":3,"minecraft:mossy_cobblestone_stairs":1,"minecraft:vine":1,"minecraft:cobblestone_slab":11,"minecraft:iron_bars":1,"minecraft:oak_stairs":1,"iceandfire:pixie_house_spruce":1,"minecraft:stone":64,"byg:fairy_slipper":1,"simplefarming:blueberry_bush":1,"minecraft:spruce_slab":24,"minecraft:cyan_terracotta":1,"minecraft:soul_sand":30,"minecraft:oak_fence":6,"minecraft:clay":2,"minecraft:crafting_table":10,"minecraft:torch":2,"minecraft:note_block":2,"minecraft:copper_ore":7,"minecraft:cobblestone":13,"minecraft:oak_planks":19,"minecraft:blue_bed":1,"minecraft:wall_torch":1,"byg:lush_grass_block":2,"minecraft:cauldron":1,"byg:lush_dirt":5,"minecraft:birch_log":77,"minecraft:birch_leaves":1,"iceandfire:pixie_house_mushroom_red":1,"iceandfire:ash":1,"minecraft:stone_brick_stairs":1,"minecraft:smooth_stone_slab":3,"minecraft:grass":16,"minecraft:coal_ore":33,"minecraft:oak_log":58,"minecraft:cobweb":6,"byg:tall_pink_allium":3,"minecraft:cracked_stone_bricks":1,"minecraft:stone_bricks":2,"byg:tall_allium":1,"minecraft:oak_leaves":132,"minecraft:iron_trapdoor":1},"minecraft:picked_up":{"minecraft:wooden_axe":2,"minecraft:crafting_table":13,"minecraft:iron_trapdoor":1,"iceandfire:pixie_house_oak":1,"byg:lush_dirt":7,"minecraft:nether_wart":51,"minecraft:leather_leggings":1,"minecraft:lead":1,"minecraft:oak_stairs":3,"minecraft:wither_rose":2,"minecraft:enchanted_book":2,"minecraft:brewing_stand":1,"gravestone:obituary":2,"corail_dt:dt":6,"minecraft:shield":2,"minecraft:polished_deepslate":1,"minecraft:string":7,"minecraft:smooth_stone_slab":2,"minecraft:item_frame":5,"minecraft:smooth_stone":1,"minecraft:spruce_planks":15,"minecraft:beef":5,"minecraft:cobblestone_slab":10,"minecraft:enchanted_golden_apple":1,"minecraft:coal_block":17,"minecraft:sugar_cane":3,"minecraft:spruce_trapdoor":19,"minecraft:birch_sapling":16,"minecraft:furnace":5,"simplefarming:spinach_seeds":2,"iceandfire:pixie_dust":2,"minecraft:stick":52,"apotheosis:gem":10,"minecraft:oak_fence":12,"minecraft:torch":22,"minecraft:spruce_stairs":1,"iceandfire:silver_ore":15,"minecraft:note_block":2,"minecraft:porkchop":3,"simplefarming:raspberries":24,"simplefarming:onion_seeds":1,"born_in_chaos_v1:pieceofdarkmetal":2,"minecraft:carrot":65,"betteranimalsplus:boar_spawn_egg":1,"minecraft:cauldron":1,"minecraft:zombie_spawn_egg":2,"byg:biomepedia":1,"born_in_chaos_v1:fried_maggot":3,"minecraft:arrow":6,"minecraft:rotten_flesh":35,"prefab:item_swift_blade_stone":2,"minecraft:cyan_terracotta":1,"scalinghealth:power_crystal":1,"minecraft:mutton":6,"minecraft:iron_bars":1,"minecraft:white_wool":3,"minecraft:cobblestone":159,"minecraft:birch_log":77,"born_in_chaos_v1:corpse_maggot":24,"minecraft:leather_chestplate":1,"minecraft:leather":5,"minecraft:birch_planks":360,"minecraft:flint":85,"minecraft:oak_log":167,"iceandfire:ectoplasm":2,"minecraft:golden_boots":1,"scalinghealth:heart_crystal":8,"mca:book_romance":1,"rottenleather:rotten_chunk":3,"minecraft:white_banner":1,"minecraft:blue_bed":1,"iceandfire:pixie_house_mushroom_red":1,"minecraft:name_tag":2,"minecraft:cooked_mutton":1,"minecraft:leather_boots":1,"minecraft:bone":7,"minecraft:apple":8,"minecraft:stone_bricks":28,"minecraft:wheat_seeds":2,"minecraft:iron_ingot":3,"minecraft:stone_pickaxe":1,"simplefarming:blueberry_bush":7,"minecraft:oak_planks":51,"minecraft:soul_sand":30,"minecraft:book":6,"slashblade:proudsoul_tiny":1,"minecraft:cooked_porkchop":2,"patchouli:guide_book":6,"simplefarming:blueberries":2,"born_in_chaos_v1:ethereal_spirit":2,"minecraft:jungle_planks":38,"minecraft:mossy_cobblestone":1,"minecraft:white_bed":1,"minecraft:dark_oak_log":4,"simplefarming:raspberry_bush":21,"minecraft:barrel":1,"alexsmobs:animal_dictionary":1,"mining_helmet:mining_helmet":1,"born_in_chaos_v1:fire_dust":1,"iceandfire:pixie_house_spruce":1,"minecraft:stone_axe":3,"iceandfire:silver_sword":1,"minecraft:iron_helmet":1,"minecraft:mossy_cobblestone_stairs":1,"minecraft:emerald":1,"alexsmobs:maggot":1,"minecraft:oak_sapling":107,"minecraft:black_wool":2,"born_in_chaos_v1:maggot_spawn_egg":1,"minecraft:dark_oak_fence":4,"minecraft:coal":21},"minecraft:killed_by":{"fear_the_dark:fever_dream":1,"minecraft:vindicator":2,"apollyon:the_damned":2,"iceandfire:ghost":1,"iceandfire:fire_dragon":1},"minecraft:killed":{"born_in_chaos_v1:zombie_clown":1,"fear_the_dark:fever_dream":1,"born_in_chaos_v1:restless_spirit":1,"minecraft:spider":1,"minecraft:vindicator":1,"betteranimalsplus:boar":3,"born_in_chaos_v1:maggot":14,"minecraft:skeleton":3,"minecraft:drowned":1,"born_in_chaos_v1:firelight_not_despawn":1,"born_in_chaos_v1:wither_scuttler":1,"enemyexpansion:sprinter":1,"minecraft:sheep":5,"minecraft:trader_llama":2,"minecraft:pillager":8,"minecraft:zombie":24,"alexsmobs:cockroach":1,"iceandfire:ghost":5,"born_in_chaos_v1:corpse_fly":2,"enemyexpansion:botfly":18,"alexsmobs:fly":1,"apollyon:the_damned":3,"minecraft:cow":3},"minecraft:dropped":{"minecraft:enchanted_book":2,"minecraft:wheat_seeds":2,"betteranimalsplus:boar_spawn_egg":1,"minecraft:crafting_table":2,"minecraft:oak_fence":6,"minecraft:leather":2,"minecraft:spruce_stairs":1,"minecraft:flint":55,"minecraft:coal":9,"scalinghealth:power_crystal":1,"minecraft:stick":5,"prefab:item_swift_blade_stone":1,"iceandfire:silver_sword":1,"minecraft:wooden_axe":1,"gravestone:obituary":9,"minecraft:oak_stairs":1,"minecraft:wither_rose":1,"simplefarming:spinach_seeds":2,"immersive_armors:wooden_chestplate":1,"minecraft:bone":5,"minecraft:stone_axe":2,"alexsmobs:maggot":1,"minecraft:rotten_flesh":27,"iceandfire:silver_ore":5,"minecraft:name_tag":2,"minecraft:cooked_mutton":1,"patchouli:guide_book":5,"minecraft:shield":1,"minecraft:spruce_trapdoor":12,"born_in_chaos_v1:corpse_maggot":12,"apotheosis:gem":1,"minecraft:stone_bricks":8,"minecraft:black_wool":1},"minecraft:used":{"iceandfire:silver_sword":333,"minecraft:spruce_planks":56,"minecraft:shield":7,"minecraft:iron_sword":114,"born_in_chaos_v1:fried_maggot":3,"minecraft:torch":120,"scalinghealth:heart_crystal":7,"minecraft:jungle_planks":1,"simplefarming:blueberries":2,"byg:lush_dirt":7,"simplefarming:raspberries":8,"minecraft:dark_oak_planks":2,"minecraft:wooden_axe":61,"minecraft:iron_axe":1,"born_in_chaos_v1:maggot_spawn_egg":1,"scalinghealth:power_crystal":1,"minecraft:item_frame":1,"minecraft:barrel":1,"minecraft:stone_bricks":10,"rottenleather:rotten_chunk":1,"prefab:item_swift_blade_stone":72,"minecraft:bow":1,"minecraft:iron_trapdoor":1,"minecraft:furnace":6,"minecraft:cooked_beef":1,"minecraft:enchanted_golden_apple":1,"minecraft:cooked_mutton":6,"minecraft:water_bucket":17,"minecraft:stone_pickaxe":80,"minecraft:oak_planks":6,"minecraft:wooden_pickaxe":59,"corail_dt:dt":6,"minecraft:crafting_table":14,"minecraft:white_bed":2,"minecraft:firework_rocket":4,"minecraft:apple":10,"minecraft:suspicious_stew":1,"minecraft:iron_pickaxe":22,"minecraft:bread":11,"minecraft:stone_axe":109,"minecraft:cobblestone":77,"minecraft:cooked_porkchop":5,"minecraft:dark_oak_fence":4,"minecraft:bucket":17}},"DataVersion":3120}