{"stats":{"minecraft:crafted":{"corail_dt:dt":1,"minecraft:stone":11,"minecraft:cooked_mutton":6,"immersive_armors:wooden_chestplate":2,"minecraft:hopper":1,"minecraft:chest":2,"sophisticatedbackpacks:backpack":1,"minecraft:cooked_porkchop":3,"minecraft:crafting_table":7,"immersive_armors:wooden_leggings":1,"minecraft:gold_block":8,"minecraft:birch_planks":308,"sophisticatedbackpacks:upgrade_base":1,"immersive_armors:wooden_boots":1,"minecraft:string":24,"minecraft:charcoal":2,"minecraft:stick":48,"minecraft:iron_pickaxe":2,"minecraft:iron_block":8,"sophisticatedbackpacks:stack_upgrade_tier_1":1,"minecraft:furnace":2,"minecraft:stone_button":1,"grapplemod:grapplinghook":2,"minecraft:stone_pickaxe":1,"sophisticatedbackpacks:stack_upgrade_tier_2":1,"minecraft:dark_oak_planks":4,"sophisticatedbackpacks:iron_backpack":1,"minecraft:cooked_beef":11,"minecraft:coal_block":23,"sophisticatedbackpacks:gold_backpack":1,"minecraft:stone_axe":1,"minecraft:air":0,"minecraft:wooden_axe":1,"minecraft:white_bed":1,"minecraft:torch":260},"minecraft:custom":{"lootr:looted_stat":76,"minecraft:interact_with_crafting_table":41,"minecraft:open_barrel":10,"minecraft:leave_game":4,"minecraft:time_since_death":45068,"minecraft:damage_resisted":66,"minecraft:sprint_one_cm":452466,"minecraft:drop":89,"minecraft:play_noteblock":3,"minecraft:play_time":254038,"minecraft:deaths":11,"minecraft:jump":2052,"minecraft:walk_on_water_one_cm":142840,"minecraft:interact_with_furnace":46,"minecraft:sleep_in_bed":4,"minecraft:damage_dealt":32970,"minecraft:player_kills":1,"minecraft:crouch_one_cm":4224,"minecraft:interact_with_smoker":1,"minecraft:mob_kills":158,"minecraft:interact_with_anvil":1,"minecraft:damage_dealt_resisted":1523,"minecraft:climb_one_cm":4573,"minecraft:walk_one_cm":492453,"minecraft:sneak_time":2796,"minecraft:walk_under_water_one_cm":52725,"minecraft:total_world_time":254038,"minecraft:tune_noteblock":165,"minecraft:time_since_rest":7973,"minecraft:damage_taken":10817,"minecraft:damage_absorbed":46,"minecraft:trigger_trapped_chest":1,"minecraft:swim_one_cm":68423,"minecraft:fly_one_cm":271187,"minecraft:open_chest":8,"minecraft:fall_one_cm":59513},"minecraft:broken":{"immersive_armors:wooden_leggings":1,"minecraft:stone_axe":1,"minecraft:wooden_axe":1,"immersive_armors:wooden_chestplate":1,"immersive_armors:wooden_boots":1,"minecraft:wooden_pickaxe":1,"minecraft:leather_boots":1},"minecraft:mined":{"minecraft:dark_oak_planks":3,"simplefarming:raspberry_bush":7,"minecraft:spruce_planks":10,"minecraft:white_bed":1,"minecraft:andesite_stairs":1,"minecraft:brewing_stand":1,"minecraft:spruce_trapdoor":7,"minecraft:grass_block":1,"iceandfire:pixie_house_oak":1,"minecraft:nether_wart":13,"minecraft:spawner":3,"minecraft:smooth_stone":1,"corail_dt:dt":6,"minecraft:mossy_cobblestone_stairs":1,"minecraft:iron_bars":1,"minecraft:oak_stairs":1,"iceandfire:pixie_house_spruce":1,"minecraft:spruce_slab":24,"minecraft:cyan_terracotta":1,"minecraft:clay":2,"minecraft:torch":2,"minecraft:note_block":2,"minecraft:polished_andesite_stairs":29,"minecraft:cobblestone":41,"minecraft:oak_planks":35,"minecraft:wall_torch":2,"byg:lush_grass_block":2,"corail_dt:dt_w":1,"minecraft:cauldron":1,"minecraft:birch_log":77,"minecraft:wheat":1,"minecraft:stone_brick_stairs":1,"minecraft:smooth_stone_slab":3,"minecraft:grass":16,"minecraft:oak_log":85,"minecraft:dirt":1,"minecraft:wither_skeleton_skull":1,"minecraft:oak_leaves":185,"iceandfire:silver_ore":5,"minecraft:mossy_cobblestone":3,"minecraft:candle":3,"minecraft:dark_oak_log":4,"gravestone:gravestone":10,"minecraft:dark_oak_fence":4,"minecraft:jungle_planks":21,"minecraft:polished_andesite_slab":10,"minecraft:spruce_leaves":3,"minecraft:furnace":3,"minecraft:carrots":17,"minecraft:cobblestone_slab":11,"minecraft:vine":1,"minecraft:stone":66,"byg:fairy_slipper":1,"simplefarming:blueberry_bush":1,"minecraft:soul_sand":30,"minecraft:oak_fence":6,"minecraft:crafting_table":10,"minecraft:copper_ore":7,"minecraft:blue_bed":1,"byg:lush_dirt":5,"minecraft:cobblestone_wall":4,"minecraft:birch_leaves":1,"iceandfire:pixie_house_mushroom_red":1,"iceandfire:ash":1,"minecraft:coal_ore":33,"byg:tall_pink_allium":3,"minecraft:cobweb":6,"minecraft:cracked_stone_bricks":1,"minecraft:stone_bricks":2,"byg:tall_allium":1,"minecraft:iron_trapdoor":1},"minecraft:picked_up":{"minecraft:wooden_axe":2,"byg:lush_dirt":7,"minecraft:iron_trapdoor":1,"minecraft:lead":2,"minecraft:oak_stairs":3,"minecraft:wither_rose":6,"minecraft:enchanted_book":2,"minecraft:brewing_stand":1,"corail_dt:dt":6,"minecraft:polished_deepslate":1,"minecraft:string":9,"minecraft:smooth_stone_slab":2,"minecraft:smooth_stone":1,"minecraft:spruce_planks":15,"minecraft:cobblestone_slab":10,"minecraft:enchanted_golden_apple":1,"minecraft:coal_block":17,"simplefarming:spinach_seeds":2,"minecraft:furnace":5,"minecraft:stick":57,"iceandfire:pixie_dust":2,"apotheosis:gem":13,"minecraft:oak_fence":12,"minecraft:torch":24,"minecraft:spruce_stairs":1,"iceandfire:silver_ore":15,"minecraft:porkchop":4,"simplefarming:raspberries":24,"minecraft:cauldron":1,"minecraft:zombie_spawn_egg":4,"born_in_chaos_v1:fried_maggot":3,"minecraft:rotten_flesh":45,"prefab:item_swift_blade_stone":2,"minecraft:cyan_terracotta":1,"minecraft:iron_bars":1,"minecraft:cobblestone":161,"minecraft:birch_log":77,"minecraft:leather_chestplate":1,"minecraft:flint":85,"minecraft:wither_skeleton_skull":1,"rottenleather:rotten_chunk":4,"minecraft:dirt":1,"minecraft:name_tag":2,"minecraft:leather_boots":1,"minecraft:bone":30,"minecraft:bow":3,"minecraft:wheat_seeds":2,"simplefarming:blueberry_bush":7,"minecraft:oak_planks":145,"minecraft:cooked_porkchop":2,"patchouli:guide_book":6,"corail_dt:dt_w":1,"minecraft:jungle_planks":38,"minecraft:mossy_cobblestone":1,"alexsmobs:animal_dictionary":1,"minecraft:dark_oak_log":6,"minecraft:barrel":1,"mining_helmet:mining_helmet":1,"born_in_chaos_v1:fire_dust":1,"minecraft:emerald":1,"alexsmobs:maggot":1,"minecraft:oak_sapling":113,"minecraft:dark_oak_fence":4,"sophisticatedbackpacks:gold_backpack":2,"minecraft:crafting_table":13,"minecraft:nether_wart":51,"iceandfire:pixie_house_oak":1,"minecraft:leather_leggings":1,"gravestone:obituary":2,"minecraft:shield":2,"fear_the_dark:leg_spike":5,"minecraft:item_frame":5,"minecraft:beef":5,"minecraft:sugar_cane":3,"minecraft:birch_sapling":16,"minecraft:spruce_trapdoor":19,"minecraft:note_block":2,"simplefarming:onion_seeds":1,"born_in_chaos_v1:pieceofdarkmetal":2,"minecraft:carrot":65,"betteranimalsplus:boar_spawn_egg":1,"byg:biomepedia":1,"minecraft:arrow":22,"scalinghealth:power_crystal":1,"minecraft:mutton":6,"minecraft:white_wool":3,"born_in_chaos_v1:corpse_maggot":25,"minecraft:leather":6,"minecraft:birch_planks":360,"minecraft:oak_log":194,"scalinghealth:bandages":1,"iceandfire:ectoplasm":2,"minecraft:golden_boots":1,"scalinghealth:heart_crystal":9,"mca:book_romance":1,"minecraft:blue_bed":1,"minecraft:white_banner":1,"iceandfire:pixie_house_mushroom_red":1,"minecraft:cooked_mutton":1,"minecraft:apple":8,"minecraft:stone_bricks":28,"minecraft:iron_ingot":3,"minecraft:stone_pickaxe":1,"minecraft:soul_sand":30,"minecraft:book":6,"slashblade:proudsoul_tiny":1,"born_in_chaos_v1:ethereal_spirit":2,"simplefarming:blueberries":2,"minecraft:white_bed":1,"simplefarming:raspberry_bush":21,"minecraft:spider_eye":1,"iceandfire:pixie_house_spruce":1,"minecraft:stone_axe":3,"iceandfire:silver_sword":1,"minecraft:iron_helmet":1,"minecraft:mossy_cobblestone_stairs":1,"born_in_chaos_v1:maggot_spawn_egg":1,"minecraft:black_wool":2,"minecraft:coal":21},"minecraft:killed_by":{"fear_the_dark:fever_dream":3,"minecraft:vindicator":2,"iceandfire:fire_dragon":1,"apollyon:the_damned":2,"iceandfire:ghost":1},"minecraft:dropped":{"betteranimalsplus:boar_spawn_egg":1,"minecraft:crafting_table":2,"minecraft:leather":2,"sophisticatedbackpacks:gold_backpack":1,"minecraft:flint":55,"prefab:item_swift_blade_stone":1,"gravestone:obituary":11,"fear_the_dark:leg_spike":3,"immersive_armors:wooden_chestplate":1,"simplefarming:spinach_seeds":2,"minecraft:bone":13,"minecraft:stone_axe":2,"minecraft:rotten_flesh":29,"minecraft:cooked_mutton":1,"patchouli:guide_book":5,"born_in_chaos_v1:corpse_maggot":12,"apotheosis:gem":1,"minecraft:enchanted_book":2,"minecraft:wheat_seeds":2,"minecraft:oak_fence":6,"grapplemod:grapplinghook":1,"minecraft:spruce_stairs":1,"minecraft:coal":9,"scalinghealth:power_crystal":1,"minecraft:stick":5,"iceandfire:silver_sword":1,"minecraft:wooden_axe":1,"minecraft:oak_stairs":1,"minecraft:wither_rose":3,"alexsmobs:maggot":1,"iceandfire:silver_ore":5,"minecraft:name_tag":2,"minecraft:shield":1,"minecraft:spruce_trapdoor":12,"minecraft:oak_sapling":3,"minecraft:stone_bricks":8,"minecraft:bow":4,"minecraft:black_wool":1},"minecraft:killed":{"born_in_chaos_v1:zombie_clown":1,"born_in_chaos_v1:restless_spirit":1,"minecraft:spider":4,"minecraft:skeleton":22,"born_in_chaos_v1:firelight_not_despawn":1,"born_in_chaos_v1:wither_scuttler":1,"fear_the_dark:daunt":1,"minecraft:sheep":5,"minecraft:trader_llama":2,"minecraft:pillager":8,"minecraft:zombie":38,"born_in_chaos_v1:corpse_fly":2,"enemyexpansion:botfly":18,"alexsmobs:fly":1,"apollyon:the_damned":6,"enemyexpansion:wasp":1,"minecraft:cow":3,"fear_the_dark:fever_dream":3,"minecraft:vindicator":1,"betteranimalsplus:boar":4,"born_in_chaos_v1:maggot":18,"minecraft:drowned":1,"enemyexpansion:sprinter":1,"alexsmobs:cockroach":1,"iceandfire:ghost":5,"enemyexpansion:huntsman":1},"minecraft:used":{"fear_the_dark:leg_spike":3,"minecraft:shield":7,"minecraft:iron_sword":270,"minecraft:zombie_spawn_egg":2,"minecraft:jungle_planks":1,"simplefarming:blueberries":2,"simplefarming:raspberries":8,"minecraft:stone_bricks":10,"minecraft:item_frame":1,"born_in_chaos_v1:maggot_spawn_egg":1,"minecraft:bow":2,"minecraft:furnace":6,"minecraft:stone_pickaxe":80,"minecraft:oak_planks":25,"minecraft:wooden_pickaxe":59,"minecraft:firework_rocket":4,"minecraft:bread":16,"minecraft:dark_oak_fence":4,"iceandfire:silver_sword":333,"minecraft:spruce_planks":56,"born_in_chaos_v1:fried_maggot":3,"minecraft:torch":120,"minecraft:dirt":1,"minecraft:anvil":1,"scalinghealth:heart_crystal":25,"byg:lush_dirt":7,"minecraft:wooden_axe":61,"minecraft:dark_oak_planks":2,"minecraft:iron_axe":17,"scalinghealth:power_crystal":13,"minecraft:barrel":1,"rottenleather:rotten_chunk":2,"prefab:item_swift_blade_stone":72,"minecraft:iron_trapdoor":1,"minecraft:cooked_beef":6,"minecraft:enchanted_golden_apple":1,"corail_dt:dt_w":1,"minecraft:cooked_mutton":6,"minecraft:water_bucket":17,"corail_dt:dt":6,"simplefarming:diamond_scythe":21,"minecraft:crafting_table":15,"minecraft:white_bed":2,"minecraft:apple":10,"minecraft:suspicious_stew":1,"minecraft:iron_pickaxe":98,"minecraft:stone_axe":143,"minecraft:cobblestone":77,"minecraft:white_banner":1,"minecraft:cooked_porkchop":5,"minecraft:bucket":17,"minecraft:pumpkin_pie":2,"minecraft:wither_rose":1}},"DataVersion":3120}