{"stats":{"minecraft:dropped":{"minecraft:iron_sword":2,"minecraft:cooked_beef":5,"minecraft:oak_log":48,"minecraft:baked_potato":23,"minecraft:glass_bottle":1,"waystones:sharestone":3,"minecraft:dirt":3,"minecraft:chain":1,"gravestone:obituary":8,"minecraft:phantom_membrane":6,"immersive_armors:wooden_chestplate":1,"minecraft:cauldron":1,"minecraft:gold_ingot":5,"minecraft:bone":56,"minecraft:iron_nugget":4,"minecraft:cobbled_deepslate":2274,"born_in_chaos_v1:ethereal_spirit":11,"minecraft:rotten_flesh":11,"minecraft:oak_planks":3,"minecraft:white_bed":2,"minecraft:rabbit_hide":3,"graveyard:small_cyan_urn":2,"born_in_chaos_v1:corpse_maggot":2,"minecraft:chainmail_boots":2,"minecraft:chest":1,"minecraft:spruce_wood":1,"minecraft:iron_bars":28,"minecraft:egg":1,"slashblade:proudsoul_tiny":1,"corail_dt:dust_0":6,"minecraft:enchanted_book":4,"minecraft:iron_ingot":2,"born_in_chaos_v1:intoxicating_decoction":2,"minecraft:wheat_seeds":1,"minecraft:tnt":2,"minecraft:cobblestone":306,"minecraft:granite":9,"corail_dt:dust_1":12,"minecraft:stick":1,"minecraft:diorite":2,"minecraft:brewing_stand":1,"minecraft:torch":64,"minecraft:iron_shovel":2,"minecraft:string":26,"minecraft:smooth_basalt":1,"minecraft:kelp":2,"minecraft:tuff":716,"minecraft:iron_boots":1,"sophisticatedbackpacks:backpack":2,"minecraft:potato":16,"minecraft:stone":6,"minecraft:shield":1,"minecraft:spruce_planks":4,"minecraft:andesite":12,"minecraft:stone_pickaxe":4,"scalinghealth:bandages":8},"minecraft:custom":{"lootr:looted_stat":47,"minecraft:interact_with_crafting_table":125,"minecraft:open_barrel":26,"minecraft:leave_game":1,"minecraft:time_since_death":63849,"minecraft:sprint_one_cm":758108,"minecraft:drop":177,"minecraft:play_time":359130,"minecraft:deaths":6,"minecraft:jump":2717,"minecraft:walk_on_water_one_cm":17164,"minecraft:interact_with_furnace":147,"minecraft:damage_dealt":33547,"minecraft:player_kills":18,"minecraft:crouch_one_cm":4100,"minecraft:interact_with_anvil":3,"minecraft:mob_kills":117,"minecraft:damage_dealt_resisted":1364,"minecraft:climb_one_cm":2704,"minecraft:walk_one_cm":932338,"minecraft:sneak_time":3672,"minecraft:walk_under_water_one_cm":13306,"minecraft:interact_with_blast_furnace":71,"minecraft:total_world_time":359130,"minecraft:time_since_rest":63881,"minecraft:damage_absorbed":120,"minecraft:damage_taken":9428,"minecraft:swim_one_cm":28390,"minecraft:fly_one_cm":236612,"minecraft:open_chest":96,"minecraft:fall_one_cm":46564},"minecraft:used":{"gobber2:gobber2_goo":15,"simpleores:mythril_pickaxe":791,"gobber2:gobber2_gooey_bread":9,"minecraft:chest":15,"minecraft:iron_sword":238,"minecraft:farmland":32,"minecraft:rotten_flesh":6,"minecraft:carrot":13,"simpleores:mythril_hoe":28,"minecraft:tuff":13,"minecraft:obsidian":8,"born_in_chaos_v1:corpse_maggot":18,"born_in_chaos_v1:smoked_flesh":12,"byg:crocus":2,"byg:palm_door":3,"oresabovediamonds:amethyst_pickaxe":147,"minecraft:spruce_wood":1,"minecraft:stone_brick_stairs":1,"minecraft:stone_bricks":115,"minecraft:sweet_berries":4,"minecraft:oak_sapling":3,"minecraft:furnace":10,"minecraft:cooked_cod":4,"minecraft:egg":1,"minecraft:potato":81,"minecraft:stone_pickaxe":14955,"minecraft:oak_planks":1,"minecraft:wooden_pickaxe":68,"minecraft:golden_apple":3,"minecraft:sand":2,"minecraft:blast_furnace":3,"packingtape:tape":6,"gobber2:gobber2_gooey_beefstew":3,"scalinghealth:enchanted_heart":3,"born_in_chaos_v1:monster_flesh":2,"minecraft:bread":5,"simpleores:mythril_sword":321,"minecraft:gravel":24,"minecraft:bone_meal":21,"minecraft:dried_kelp":13,"minecraft:torch":265,"prefab:item_swift_blade_wood":56,"minecraft:dirt":17,"minecraft:anvil":1,"scalinghealth:heart_crystal":12,"minecraft:iron_hoe":18,"minecraft:wooden_axe":34,"born_in_chaos_v1:chipped_black_argillite_brick":1,"minecraft:oak_stairs":2,"scalinghealth:power_crystal":23,"gobber2:gobber2_gooey_beef":12,"minecraft:tadpole_bucket":2,"minecraft:cobbled_deepslate":254,"corail_dt:dt_w":3,"minecraft:water_bucket":3,"simpleores:mythril_axe":64,"minecraft:baked_potato":17,"minecraft:crafting_table":12,"minecraft:oak_log":2,"minecraft:diamond_pickaxe":50,"minecraft:apple":1,"minecraft:iron_pickaxe":634,"minecraft:spruce_sapling":1,"minecraft:stone_axe":173,"minecraft:cobblestone":153,"minecraft:potion":2,"alexsmobs:animal_dictionary":2},"minecraft:killed":{"born_in_chaos_v1:zombie_clown":1,"betteranimalsplus:coyote":1,"graveyard:skeleton_creeper":1,"born_in_chaos_v1:restless_spirit":5,"born_in_chaos_v1:door_knight_not_despawn":1,"minecraft:spider":6,"alexsmobs:murmur":1,"naturalist:robin":1,"minecraft:zombie_horse":1,"minecraft:skeleton":15,"whisperwoods:wisp":1,"enemyexpansion:vampflyer":7,"betteranimalsplus:tarantula":1,"born_in_chaos_v1:diamond_termite":7,"born_in_chaos_v1:wither_scuttler":1,"minecraft:creeper":1,"enemyexpansion:meature":3,"minecraft:zombie":15,"enemyexpansion:vampire":1,"born_in_chaos_v1:corpse_fly":22,"enemyexpansion:botfly":1,"alexsmobs:fly":1,"cave_dweller:cave_dweller":3,"whisperwoods:moth":1,"enemyexpansion:vampbiter":1,"born_in_chaos_v1:zombie_clown_not_despawn":1,"graveyard:revenant":2,"minecraft:slime":3,"born_in_chaos_v1:maggot":3,"minecraft:drowned":1,"alexsmobs:bison":1,"rottencreatures:undead_miner":1,"enemyexpansion:sprinter":1,"born_in_chaos_v1:decrepit_skeleton":2,"alexsmobs:moose":2,"enemyexpansion:slugger":1},"minecraft:crafted":{"minecraft:smooth_stone":8,"minecraft:oak_planks":8,"epicsamurai:silver_ingot":5,"gobber2:gobber2_leggings":1,"corail_dt:dt":1,"simpleores:mythril_hoe":1,"byg:palm_door":3,"corail_dt:dust_0":4,"minecraft:stone":23,"gobber2:gobber2_chestplate":1,"minecraft:hopper":1,"minecraft:chest":14,"simpleores:mythril_sword":1,"simpleores:tin_ingot":50,"sophisticatedbackpacks:backpack":3,"gobber2:gobber2_ingot":18,"minecraft:crafting_table":6,"minecraft:spruce_planks":332,"minecraft:iron_helmet":1,"minecraft:copper_ingot":34,"simpleores:adamantium_ingot":28,"byg:palm_planks":40,"corail_dt:disk_1_1":1,"minecraft:string":76,"minecraft:iron_chestplate":1,"minecraft:diamond_pickaxe":1,"sophisticatedbackpacks:diamond_backpack":1,"minecraft:stick":372,"minecraft:iron_ingot":152,"minecraft:iron_pickaxe":3,"minecraft:gold_ingot":37,"oresabovediamonds:amethyst_pickaxe":1,"minecraft:deepslate_bricks":1220,"simpleores:mythril_axe":1,"corail_dt:disk_2_2":1,"minecraft:furnace":6,"minecraft:blast_furnace":2,"minecraft:bone_meal":21,"gobber2:gobber2_helmet":1,"gobber2:gobber2_glob":6,"minecraft:leather":8,"minecraft:polished_deepslate":1220,"minecraft:iron_hoe":1,"minecraft:stone_pickaxe":139,"minecraft:redstone_block":3,"sophisticatedbackpacks:iron_backpack":1,"simpleores:mythril_pickaxe":2,"minecraft:iron_sword":1,"sophisticatedbackpacks:gold_backpack":1,"minecraft:stone_axe":1,"minecraft:deepslate_tiles":1220,"minecraft:air":0,"corail_dt:dt_w":1,"simpleores:mythril_ingot":37,"minecraft:iron_leggings":1,"minecraft:torch":200,"corail_dt:disk_0_2":1,"minecraft:lapis_block":9},"minecraft:killed_by":{"minecraft:zombie":2,"minecraft:player":1,"enemyexpansion:trollenraged":2},"minecraft:mined":{"minecraft:large_amethyst_bud":3,"minecraft:andesite_stairs":1,"oresabovediamonds:deepslate_black_opal_ore":12,"armorplus:ore_lava_crystal_stone":6,"minecraft:brewing_stand":1,"minecraft:granite":9,"minecraft:budding_amethyst":2,"minecraft:grass_block":11,"gobber2:gobber2_ore_deepslate":66,"gobber2:gobber2_lucky_block":18,"minecraft:spawner":3,"armorplus:ore_frost_crystal":4,"byg:palm_door":2,"epicsamurai:deepslate_jade_ore":16,"minecraft:mossy_cobblestone_slab":2,"minecraft:iron_ore":43,"minecraft:cobbled_deepslate":14,"minecraft:deepslate_lapis_ore":9,"minecraft:enchanting_table":1,"scalinghealth:deepslate_power_crystal_ore":4,"minecraft:iron_bars":15,"epicsamurai:deepslate_silver_ore":5,"armorplus:ore_lava_crystal_obsidian":2,"minecraft:spruce_wood":1,"simpleores:tin_ore":5,"minecraft:deepslate_redstone_ore":8,"minecraft:amethyst_cluster":2,"born_in_chaos_v1:infected_deepslate_diamond_ore":5,"minecraft:torch":11,"minecraft:blast_furnace":1,"minecraft:chest":4,"minecraft:cobblestone":6,"minecraft:wall_torch":5,"corail_dt:dt_w":3,"minecraft:amethyst_block":13,"oresabovediamonds:deepslate_amethyst_ore":33,"byg:palm_log":13,"simpleores:deepslate_tin_ore":54,"minecraft:stone_brick_stairs":1,"graveyard:skull_pile":1,"minecraft:grass":5,"minecraft:oak_log":3,"minecraft:dirt":8,"minecraft:oak_leaves":2,"minecraft:deepslate":13380,"minecraft:tuff":1398,"minecraft:deepslate_diamond_ore":56,"byg:palm_sapling":1,"gravestone:gravestone":5,"epicsamurai:deepslate_ruby_ore":23,"minecraft:spruce_leaves":179,"simpleores:deepslate_adamantium_ore":25,"minecraft:large_fern":7,"byg:crocus":2,"minecraft:furnace":6,"minecraft:carrots":3,"minecraft:andesite":13,"minecraft:stripped_spruce_log":6,"simpleores:adamantium_ore":3,"minecraft:bookshelf":1,"minecraft:potatoes":7,"minecraft:deepslate_iron_ore":114,"minecraft:stone":743,"packingtape:packaged_block":3,"minecraft:hanging_roots":2,"epicsamurai:deepslate_aquamarine_ore":23,"minecraft:crafting_table":4,"graveyard:tg_grass_block":1,"minecraft:tall_grass":5,"minecraft:copper_ore":7,"born_in_chaos_v1:chipped_black_argillite_brick":1,"minecraft:deepslate_gold_ore":38,"minecraft:diorite":1,"simpleores:deepslate_mythril_ore":46,"minecraft:spruce_log":102,"gobber2:gobber2_lucky_block_deepslate":28,"minecraft:coal_ore":69,"minecraft:gravel":457,"minecraft:cobweb":7,"minecraft:stone_bricks":9,"minecraft:fern":1},"minecraft:broken":{"minecraft:golden_helmet":1,"immersive_armors:wooden_leggings":1,"minecraft:stone_pickaxe":114,"prefab:item_swift_blade_wood":1,"minecraft:stone_axe":1,"immersive_armors:slime_boots":1,"minecraft:wooden_axe":1,"immersive_armors:wooden_chestplate":1,"minecraft:wooden_pickaxe":1,"minecraft:iron_pickaxe":2,"minecraft:iron_helmet":1,"simpleores:mythril_pickaxe":1},"minecraft:picked_up":{"minecraft:chainmail_boots":1,"minecraft:oak_stairs":2,"minecraft:enchanted_book":2,"minecraft:potion":2,"minecraft:stone_brick_stairs":1,"minecraft:brewing_stand":1,"minecraft:amethyst_block":14,"byg:crocus":2,"minecraft:music_disc_cat":1,"minecraft:string":36,"minecraft:raw_copper":34,"minecraft:cobbled_deepslate":11099,"minecraft:spruce_planks":8,"simpleores:raw_tin":101,"minecraft:iron_boots":1,"minecraft:furnace":6,"minecraft:stick":36,"simpleores:mythril_ingot":4,"minecraft:torch":23,"minecraft:dried_kelp":13,"minecraft:diorite":3,"oresabovediamonds:black_opal":12,"minecraft:cauldron":1,"minecraft:zombie_spawn_egg":1,"gobber2:gobber2_foo":4,"minecraft:rotten_flesh":26,"minecraft:iron_bars":28,"minecraft:cobblestone":863,"minecraft:enchanting_table":1,"minecraft:andesite":24,"minecraft:golden_leggings":1,"minecraft:potato":20,"minecraft:flint":27,"minecraft:tuff":1359,"born_in_chaos_v1:black_argillite_button":1,"minecraft:dirt":20,"minecraft:lapis_lazuli":57,"minecraft:polished_granite":2,"minecraft:bone":44,"simpleores:raw_mythril":44,"minecraft:bow":1,"gobber2:gobber2_gooey_beef":12,"minecraft:wheat_seeds":1,"minecraft:raw_gold":41,"gobber2:gobber2_globette":58,"minecraft:oak_planks":4,"epicsamurai:raw_silver":5,"gobber2:gobber2_gooey_bread":9,"corail_dt:dt_w":3,"minecraft:sand":2,"minecraft:stripped_spruce_log":5,"minecraft:diamond":54,"waystones:waystone":1,"minecraft:granite":9,"alexsmobs:moose_ribs":3,"epicsamurai:ruby":23,"minecraft:oak_sapling":3,"minecraft:bricks":4,"gobber2:gobber2_goo":15,"armorplus:lava_shard":16,"byg:palm_door":2,"minecraft:crafting_table":4,"born_in_chaos_v1:diamond_termite_shard":4,"minecraft:chain":1,"gravestone:obituary":4,"born_in_chaos_v1:intoxicating_decoction":4,"epicsamurai:jade":10,"minecraft:iron_shovel":1,"byg:palm_sapling":1,"graveyard:corruption":2,"simpleores:raw_adamantium":28,"armorplus:frost_crystal":5,"oresabovediamonds:amethyst":33,"alexsmobs:elastic_tendon":1,"minecraft:chest":4,"minecraft:egg":2,"minecraft:raw_iron":149,"minecraft:stone":6,"born_in_chaos_v1:pieceofdarkmetal":3,"minecraft:carrot":6,"graveyard:small_cyan_urn":1,"minecraft:redstone":32,"minecraft:arrow":13,"minecraft:cooked_cod":4,"byg:palm_log":10,"born_in_chaos_v1:corpse_maggot":20,"minecraft:air":0,"minecraft:leather":4,"gobber2:gobber2_gooey_beefstew":4,"minecraft:oak_log":5,"minecraft:gunpowder":2,"scalinghealth:heart_crystal":2,"minecraft:apple":1,"minecraft:stone_bricks":32,"minecraft:kelp":2,"minecraft:spruce_wood":2,"minecraft:stone_pickaxe":2,"born_in_chaos_v1:chipped_black_argillite_brick":1,"scalinghealth:power_crystal_shard":12,"epicsamurai:aquamarine":23,"minecraft:iron_sword":1,"scalinghealth:heart_crystal_shard":9,"minecraft:smooth_basalt":2,"born_in_chaos_v1:ethereal_spirit":13,"minecraft:gravel":388,"minecraft:amethyst_shard":4,"minecraft:spruce_sapling":36,"minecraft:blast_furnace":1,"corail_dt:dust_1":12,"corail_dt:dust_0":3,"minecraft:white_bed":1,"minecraft:spruce_log":98,"minecraft:spider_eye":1,"minecraft:slime_ball":2,"simpleores:tin_ingot":7,"minecraft:coal":106}},"DataVersion":3120}