{"stats":{"minecraft:dropped":{"minecraft:enchanted_book":2,"betteranimalsplus:boar_spawn_egg":1,"minecraft:crafting_table":2,"minecraft:oak_fence":6,"minecraft:leather":2,"minecraft:spruce_stairs":1,"minecraft:coal":9,"scalinghealth:power_crystal":1,"minecraft:stick":5,"prefab:item_swift_blade_stone":1,"iceandfire:silver_sword":1,"minecraft:wooden_axe":1,"minecraft:wither_rose":1,"gravestone:obituary":9,"minecraft:oak_stairs":1,"immersive_armors:wooden_chestplate":1,"minecraft:bone":5,"minecraft:stone_axe":2,"alexsmobs:maggot":1,"minecraft:rotten_flesh":25,"iceandfire:silver_ore":5,"minecraft:name_tag":2,"minecraft:cooked_mutton":1,"patchouli:guide_book":5,"minecraft:shield":1,"minecraft:spruce_trapdoor":12,"apotheosis:gem":1,"born_in_chaos_v1:corpse_maggot":12,"minecraft:stone_bricks":8,"minecraft:black_wool":1},"minecraft:killed_by":{"fear_the_dark:fever_dream":1,"minecraft:vindicator":2,"apollyon:the_damned":2,"iceandfire:ghost":1,"iceandfire:fire_dragon":1},"minecraft:broken":{"minecraft:wooden_pickaxe":1,"minecraft:leather_boots":1,"minecraft:wooden_axe":1},"minecraft:picked_up":{"minecraft:wooden_axe":2,"minecraft:crafting_table":13,"minecraft:iron_trapdoor":1,"minecraft:nether_wart":51,"byg:lush_dirt":7,"iceandfire:pixie_house_oak":1,"minecraft:leather_leggings":1,"minecraft:lead":1,"minecraft:oak_stairs":3,"minecraft:wither_rose":2,"minecraft:enchanted_book":2,"gravestone:obituary":2,"corail_dt:dt":5,"minecraft:shield":2,"minecraft:polished_deepslate":1,"minecraft:string":1,"minecraft:smooth_stone_slab":2,"minecraft:item_frame":5,"minecraft:spruce_planks":15,"minecraft:beef":5,"minecraft:cobblestone_slab":10,"minecraft:coal_block":17,"minecraft:enchanted_golden_apple":1,"minecraft:sugar_cane":3,"minecraft:birch_sapling":16,"simplefarming:spinach_seeds":1,"minecraft:spruce_trapdoor":19,"minecraft:furnace":5,"iceandfire:pixie_dust":2,"minecraft:stick":52,"apotheosis:gem":10,"minecraft:oak_fence":12,"minecraft:torch":22,"minecraft:spruce_stairs":1,"iceandfire:silver_ore":15,"minecraft:note_block":2,"minecraft:porkchop":3,"simplefarming:raspberries":24,"simplefarming:onion_seeds":1,"born_in_chaos_v1:pieceofdarkmetal":2,"minecraft:carrot":65,"betteranimalsplus:boar_spawn_egg":1,"minecraft:zombie_spawn_egg":2,"byg:biomepedia":1,"born_in_chaos_v1:fried_maggot":3,"minecraft:arrow":6,"minecraft:rotten_flesh":35,"prefab:item_swift_blade_stone":2,"minecraft:cyan_terracotta":1,"scalinghealth:power_crystal":1,"minecraft:mutton":6,"minecraft:white_wool":3,"minecraft:cobblestone":157,"minecraft:birch_log":77,"born_in_chaos_v1:corpse_maggot":24,"minecraft:leather_chestplate":1,"minecraft:leather":5,"minecraft:birch_planks":360,"minecraft:flint":85,"minecraft:oak_log":167,"iceandfire:ectoplasm":2,"rottenleather:rotten_chunk":3,"scalinghealth:heart_crystal":8,"mca:book_romance":1,"iceandfire:pixie_house_mushroom_red":1,"minecraft:name_tag":2,"minecraft:cooked_mutton":1,"minecraft:leather_boots":1,"minecraft:bone":7,"minecraft:apple":8,"minecraft:stone_bricks":28,"minecraft:wheat_seeds":2,"minecraft:iron_ingot":3,"minecraft:stone_pickaxe":1,"minecraft:oak_planks":51,"minecraft:soul_sand":30,"minecraft:book":6,"slashblade:proudsoul_tiny":1,"minecraft:cooked_porkchop":2,"patchouli:guide_book":6,"born_in_chaos_v1:ethereal_spirit":2,"minecraft:jungle_planks":38,"minecraft:white_bed":1,"minecraft:barrel":1,"minecraft:dark_oak_log":4,"simplefarming:raspberry_bush":21,"alexsmobs:animal_dictionary":1,"mining_helmet:mining_helmet":1,"iceandfire:pixie_house_spruce":1,"minecraft:stone_axe":3,"iceandfire:silver_sword":1,"minecraft:iron_helmet":1,"minecraft:mossy_cobblestone_stairs":1,"minecraft:emerald":1,"alexsmobs:maggot":1,"born_in_chaos_v1:maggot_spawn_egg":1,"minecraft:oak_sapling":107,"minecraft:black_wool":2,"minecraft:dark_oak_fence":4,"minecraft:coal":21},"minecraft:killed":{"born_in_chaos_v1:zombie_clown":1,"fear_the_dark:fever_dream":1,"born_in_chaos_v1:restless_spirit":1,"minecraft:spider":1,"minecraft:vindicator":1,"betteranimalsplus:boar":3,"born_in_chaos_v1:maggot":14,"minecraft:skeleton":2,"minecraft:drowned":1,"born_in_chaos_v1:wither_scuttler":1,"enemyexpansion:sprinter":1,"minecraft:sheep":4,"minecraft:trader_llama":2,"minecraft:pillager":6,"alexsmobs:cockroach":1,"minecraft:zombie":24,"iceandfire:ghost":4,"born_in_chaos_v1:corpse_fly":2,"enemyexpansion:botfly":18,"alexsmobs:fly":1,"apollyon:the_damned":3,"minecraft:cow":3},"minecraft:mined":{"simplefarming:raspberry_bush":7,"minecraft:spruce_planks":10,"minecraft:white_bed":1,"iceandfire:silver_ore":5,"minecraft:mossy_cobblestone":2,"minecraft:andesite_stairs":1,"minecraft:dark_oak_log":4,"minecraft:spruce_trapdoor":7,"gravestone:gravestone":8,"minecraft:dark_oak_fence":4,"minecraft:jungle_planks":21,"iceandfire:pixie_house_oak":1,"minecraft:nether_wart":13,"minecraft:spawner":2,"corail_dt:dt":5,"minecraft:carrots":17,"minecraft:furnace":3,"minecraft:mossy_cobblestone_stairs":1,"minecraft:cobblestone_slab":11,"minecraft:vine":1,"minecraft:oak_stairs":1,"iceandfire:pixie_house_spruce":1,"minecraft:stone":64,"minecraft:spruce_slab":24,"minecraft:cyan_terracotta":1,"minecraft:soul_sand":30,"minecraft:oak_fence":6,"minecraft:clay":2,"minecraft:crafting_table":10,"minecraft:torch":2,"minecraft:note_block":2,"minecraft:cobblestone":11,"minecraft:copper_ore":7,"minecraft:oak_planks":19,"minecraft:wall_torch":1,"byg:lush_grass_block":2,"byg:lush_dirt":5,"minecraft:birch_log":77,"iceandfire:pixie_house_mushroom_red":1,"iceandfire:ash":1,"minecraft:stone_brick_stairs":1,"minecraft:smooth_stone_slab":3,"minecraft:grass":16,"minecraft:coal_ore":33,"minecraft:oak_log":58,"byg:tall_pink_allium":3,"minecraft:cracked_stone_bricks":1,"minecraft:stone_bricks":2,"byg:tall_allium":1,"minecraft:iron_trapdoor":1,"minecraft:oak_leaves":132},"minecraft:crafted":{"corail_dt:dt":1,"sophisticatedbackpacks:stack_upgrade_tier_1":1,"minecraft:furnace":2,"minecraft:stone_button":1,"minecraft:stone":11,"minecraft:cooked_mutton":6,"immersive_armors:wooden_chestplate":2,"minecraft:hopper":1,"grapplemod:grapplinghook":1,"sophisticatedbackpacks:stack_upgrade_tier_2":1,"minecraft:stone_pickaxe":1,"minecraft:chest":2,"minecraft:dark_oak_planks":4,"sophisticatedbackpacks:iron_backpack":1,"minecraft:cooked_beef":11,"minecraft:coal_block":23,"sophisticatedbackpacks:backpack":1,"minecraft:cooked_porkchop":3,"minecraft:crafting_table":6,"immersive_armors:wooden_leggings":1,"sophisticatedbackpacks:gold_backpack":1,"minecraft:gold_block":8,"minecraft:birch_planks":308,"minecraft:stone_axe":1,"sophisticatedbackpacks:upgrade_base":1,"minecraft:air":0,"immersive_armors:wooden_boots":1,"minecraft:string":24,"minecraft:charcoal":2,"minecraft:stick":48,"minecraft:iron_pickaxe":1,"minecraft:wooden_axe":1,"minecraft:iron_block":8,"minecraft:white_bed":1,"minecraft:torch":260},"minecraft:custom":{"lootr:looted_stat":60,"minecraft:mob_kills":101,"minecraft:interact_with_crafting_table":37,"minecraft:open_barrel":9,"minecraft:damage_dealt_resisted":1435,"minecraft:leave_game":3,"minecraft:time_since_death":65371,"minecraft:climb_one_cm":3993,"minecraft:damage_resisted":66,"minecraft:sprint_one_cm":279929,"minecraft:walk_one_cm":367507,"minecraft:drop":64,"minecraft:play_noteblock":2,"minecraft:play_time":171150,"minecraft:deaths":9,"minecraft:sneak_time":1877,"minecraft:walk_under_water_one_cm":38564,"minecraft:jump":1209,"minecraft:walk_on_water_one_cm":127578,"minecraft:total_world_time":171150,"minecraft:interact_with_furnace":44,"minecraft:tune_noteblock":77,"minecraft:sleep_in_bed":1,"minecraft:time_since_rest":65396,"minecraft:damage_absorbed":46,"minecraft:damage_taken":6655,"minecraft:trigger_trapped_chest":1,"minecraft:damage_dealt":19535,"minecraft:swim_one_cm":47036,"minecraft:fly_one_cm":132354,"minecraft:open_chest":8,"minecraft:crouch_one_cm":3170,"minecraft:fall_one_cm":24588},"minecraft:used":{"iceandfire:silver_sword":333,"minecraft:spruce_planks":56,"minecraft:shield":7,"minecraft:iron_sword":91,"born_in_chaos_v1:fried_maggot":3,"minecraft:torch":118,"scalinghealth:heart_crystal":7,"minecraft:jungle_planks":1,"simplefarming:raspberries":8,"byg:lush_dirt":7,"minecraft:dark_oak_planks":2,"minecraft:wooden_axe":61,"scalinghealth:power_crystal":1,"rottenleather:rotten_chunk":1,"minecraft:barrel":1,"minecraft:stone_bricks":10,"minecraft:item_frame":1,"prefab:item_swift_blade_stone":72,"minecraft:bow":1,"minecraft:iron_trapdoor":1,"minecraft:furnace":6,"minecraft:cooked_beef":1,"minecraft:enchanted_golden_apple":1,"minecraft:cooked_mutton":5,"minecraft:water_bucket":17,"minecraft:stone_pickaxe":80,"minecraft:oak_planks":6,"minecraft:wooden_pickaxe":59,"corail_dt:dt":6,"minecraft:crafting_table":14,"minecraft:white_bed":2,"minecraft:apple":10,"minecraft:iron_pickaxe":14,"minecraft:bread":9,"minecraft:stone_axe":109,"minecraft:cobblestone":77,"minecraft:cooked_porkchop":5,"minecraft:dark_oak_fence":4,"minecraft:bucket":17}},"DataVersion":3120}