{"stats":{"minecraft:dropped":{"byg:biomepedia":2,"minecraft:iron_ingot":2,"born_in_chaos_v1:fried_maggot":5,"minecraft:mossy_cobblestone":1,"simplefarming:blueberry_bush":1,"minecraft:cooked_porkchop":2,"minecraft:crossbow":2,"minecraft:iron_helmet":1,"minecraft:feather":1,"minecraft:cobblestone":64,"minecraft:coal":17,"minecraft:coal_block":20,"scalinghealth:power_crystal":1,"minecraft:flint":85,"minecraft:dark_oak_log":5,"mca:book_romance":2,"minecraft:wooden_axe":1,"gravestone:obituary":3,"minecraft:chainmail_leggings":2,"minecraft:string":1,"simplefarming:squash_seeds":1,"minecraft:furnace":1,"minecraft:sugar_cane":3,"alexsmobs:animal_dictionary":2,"minecraft:birch_sapling":4,"born_in_chaos_v1:rotten_fish":1,"minecraft:rotten_flesh":38,"byg:tall_allium":1,"patchouli:guide_book":3,"minecraft:shield":1,"minecraft:spruce_trapdoor":5,"minecraft:spruce_planks":3,"born_in_chaos_v1:corpse_maggot":4,"minecraft:stone_brick_wall":2,"apotheosis:gem":2,"minecraft:oak_sapling":47,"minecraft:barrel":1,"minecraft:stone_bricks":16,"minecraft:leather_leggings":2,"minecraft:spider_eye":1,"minecraft:spruce_slab":28,"byg:tall_pink_allium":2,"minecraft:stone_pickaxe":1,"corail_dt:dt":1},"minecraft:killed_by":{"enemyexpansion:meature":1,"iceandfire:fire_dragon":1},"minecraft:broken":{"minecraft:stone_sword":1,"minecraft:leather_chestplate":1,"minecraft:wooden_pickaxe":2,"minecraft:stone_pickaxe":1,"minecraft:leather_boots":1,"minecraft:wooden_axe":2,"prefab:item_swift_blade_stone":1},"minecraft:picked_up":{"minecraft:wooden_axe":1,"minecraft:crafting_table":1,"minecraft:nether_wart":37,"minecraft:ladder":1,"iceandfire:pixie_house_oak":1,"minecraft:leather_leggings":2,"byg:tall_pink_allium":3,"minecraft:lead":1,"minecraft:stone_brick_wall":2,"minecraft:wither_rose":2,"minecraft:stone_brick_stairs":1,"gravestone:obituary":2,"corail_dt:dt":1,"minecraft:shield":2,"minecraft:string":1,"minecraft:raw_copper":52,"born_in_chaos_v1:intoxicating_decoction":2,"minecraft:cobbled_deepslate":1,"minecraft:spruce_planks":5,"minecraft:beef":13,"minecraft:andesite_stairs":1,"minecraft:cobblestone_slab":7,"minecraft:coal_block":1,"minecraft:spruce_slab":29,"minecraft:enchanted_golden_apple":1,"minecraft:sugar_cane":3,"minecraft:birch_sapling":4,"minecraft:spruce_trapdoor":5,"minecraft:furnace":2,"minecraft:raw_iron":11,"minecraft:stick":75,"apotheosis:gem":7,"minecraft:torch":24,"minecraft:porkchop":15,"minecraft:carrot":1,"byg:podzol_dacite":1,"minecraft:zombie_spawn_egg":1,"born_in_chaos_v1:fried_maggot":2,"minecraft:arrow":6,"minecraft:rotten_flesh":39,"prefab:item_swift_blade_stone":1,"scalinghealth:power_crystal":1,"minecraft:iron_bars":4,"minecraft:cobblestone":549,"born_in_chaos_v1:corpse_maggot":12,"minecraft:leather_chestplate":1,"minecraft:feather":2,"minecraft:leather":4,"minecraft:oak_log":251,"scalinghealth:heart_crystal":6,"minecraft:dirt":32,"minecraft:leather_boots":1,"byg:overgrown_dacite":1,"minecraft:apple":9,"minecraft:stone_bricks":16,"minecraft:creeper_spawn_egg":1,"minecraft:stone_pickaxe":1,"minecraft:cobweb":5,"simplefarming:blueberry_bush":1,"minecraft:polished_andesite_slab":2,"minecraft:oak_planks":2,"slashblade:proudsoul_tiny":1,"minecraft:pumpkin":4,"patchouli:guide_book":1,"born_in_chaos_v1:ethereal_spirit":1,"simplefarming:blueberries":1,"simplefarming:squash_seeds":1,"minecraft:barrel":1,"minecraft:dark_oak_log":5,"minecraft:spider_eye":3,"minecraft:mossy_cobblestone":2,"mining_helmet:mining_helmet":1,"minecraft:polished_andesite":2,"minecraft:stone_axe":1,"minecraft:chainmail_leggings":1,"immersive_armors:wooden_chestplate":1,"byg:tall_allium":1,"minecraft:crossbow":1,"minecraft:emerald":4,"minecraft:oak_sapling":102,"born_in_chaos_v1:rotten_fish":2,"minecraft:coal":63,"minecraft:ender_pearl":1},"minecraft:killed":{"fear_the_dark:fever_dream":3,"born_in_chaos_v1:restless_spirit":1,"minecraft:spider":1,"minecraft:vindicator":1,"betteranimalsplus:boar":4,"born_in_chaos_v1:maggot":12,"minecraft:skeleton":2,"minecraft:pig":1,"enemyexpansion:ladybug":1,"enemyexpansion:sprinter":2,"minecraft:wandering_trader":1,"minecraft:creeper":1,"minecraft:pillager":2,"born_in_chaos_v1:zombie_fisherman":1,"alexsmobs:cockroach":1,"minecraft:zombie":31,"iceandfire:ghost":2,"enemyexpansion:botfly":7,"born_in_chaos_v1:corpse_fly":4,"minecraft:cow":6},"minecraft:mined":{"minecraft:spruce_planks":5,"minecraft:oak_sapling":1,"minecraft:mossy_cobblestone":1,"minecraft:dark_oak_log":9,"minecraft:ladder":2,"gravestone:gravestone":1,"iceandfire:pixie_house_oak":1,"minecraft:polished_andesite_slab":2,"minecraft:nether_wart":14,"minecraft:spawner":10,"minecraft:furnace":1,"minecraft:iron_ore":6,"minecraft:barrel":1,"minecraft:pumpkin":4,"minecraft:deepslate_iron_ore":5,"minecraft:iron_bars":4,"minecraft:stone":345,"minecraft:spruce_slab":12,"simplefarming:blueberry_bush":1,"minecraft:crafting_table":1,"minecraft:torch":2,"minecraft:cobblestone":10,"minecraft:sugar_cane":2,"minecraft:wall_torch":6,"minecraft:grass":28,"minecraft:oak_log":110,"byg:tall_pink_allium":1,"minecraft:cracked_stone_bricks":1,"minecraft:polished_andesite":2,"minecraft:stone_bricks":1,"byg:tall_allium":1,"minecraft:oak_leaves":8,"minecraft:deepslate":1},"minecraft:crafted":{"minecraft:oak_planks":32,"minecraft:iron_nugget":1,"minecraft:furnace":1,"born_in_chaos_v1:fried_maggot":7,"minecraft:stone_pickaxe":2,"minecraft:chest":1,"sophisticatedbackpacks:iron_backpack":1,"minecraft:cooked_beef":7,"minecraft:diamond_sword":1,"sophisticatedbackpacks:backpack":1,"minecraft:cooked_porkchop":14,"minecraft:crafting_table":2,"minecraft:wooden_pickaxe":1,"sophisticatedbackpacks:gold_backpack":1,"minecraft:stone_axe":1,"minecraft:air":0,"minecraft:string":20,"minecraft:iron_ingot":2,"minecraft:stick":24,"minecraft:wooden_axe":1,"minecraft:gold_ingot":1,"minecraft:white_bed":1,"minecraft:torch":48},"minecraft:custom":{"lootr:looted_stat":60,"minecraft:mob_kills":86,"minecraft:interact_with_crafting_table":28,"minecraft:open_barrel":7,"minecraft:damage_dealt_resisted":55,"minecraft:leave_game":2,"minecraft:time_since_death":117756,"minecraft:damage_resisted":0,"minecraft:climb_one_cm":6300,"minecraft:sprint_one_cm":166518,"minecraft:walk_one_cm":525030,"minecraft:drop":81,"minecraft:play_noteblock":43,"minecraft:talked_to_villager":1,"minecraft:play_time":160724,"minecraft:deaths":2,"minecraft:sneak_time":8053,"minecraft:walk_under_water_one_cm":19565,"minecraft:jump":1404,"minecraft:walk_on_water_one_cm":141593,"minecraft:total_world_time":160724,"minecraft:interact_with_furnace":47,"minecraft:tune_noteblock":166,"minecraft:sleep_in_bed":1,"minecraft:time_since_rest":63320,"minecraft:damage_taken":3119,"minecraft:trigger_trapped_chest":2,"minecraft:damage_dealt":13914,"minecraft:swim_one_cm":63506,"minecraft:fly_one_cm":131791,"minecraft:open_chest":4,"minecraft:crouch_one_cm":20140,"minecraft:fall_one_cm":22623},"minecraft:used":{"minecraft:stone_sword":131,"minecraft:iron_bars":2,"minecraft:spruce_slab":1,"minecraft:ladder":1,"minecraft:zombie_spawn_egg":1,"minecraft:iron_sword":212,"born_in_chaos_v1:fried_maggot":4,"minecraft:torch":45,"minecraft:dirt":32,"scalinghealth:heart_crystal":5,"simplefarming:blueberries":1,"born_in_chaos_v1:corpse_maggot":1,"minecraft:wooden_axe":136,"scalinghealth:power_crystal":1,"minecraft:stone_brick_stairs":1,"prefab:item_swift_blade_stone":152,"minecraft:oak_sapling":8,"minecraft:furnace":1,"minecraft:cooked_beef":3,"minecraft:cobbled_deepslate":1,"byg:podzol_dacite":1,"minecraft:water_bucket":3,"minecraft:polished_andesite":2,"minecraft:stone_pickaxe":261,"minecraft:wooden_pickaxe":118,"minecraft:cobblestone_slab":7,"minecraft:mossy_cobblestone":1,"minecraft:crafting_table":3,"minecraft:crossbow":5,"minecraft:white_bed":1,"minecraft:creeper_spawn_egg":1,"minecraft:apple":11,"minecraft:bread":9,"minecraft:iron_pickaxe":12,"minecraft:polished_andesite_slab":2,"minecraft:stone_axe":48,"minecraft:cobblestone":118,"byg:overgrown_dacite":1,"minecraft:cooked_porkchop":11,"minecraft:porkchop":1,"minecraft:bucket":4,"minecraft:andesite_stairs":1}},"DataVersion":3120}