{"stats":{"minecraft:crafted":{"minecraft:oak_planks":32,"minecraft:iron_nugget":1,"minecraft:furnace":1,"minecraft:dark_oak_door":3,"born_in_chaos_v1:fried_maggot":7,"minecraft:stone_pickaxe":2,"minecraft:chest":1,"minecraft:dark_oak_planks":84,"sophisticatedbackpacks:iron_backpack":1,"minecraft:cooked_beef":7,"minecraft:wooden_shovel":5,"minecraft:diamond_sword":1,"sophisticatedbackpacks:backpack":1,"minecraft:cooked_porkchop":14,"minecraft:crafting_table":4,"minecraft:wooden_pickaxe":1,"sophisticatedbackpacks:gold_backpack":1,"minecraft:stone_axe":2,"minecraft:air":0,"minecraft:string":20,"minecraft:stick":32,"minecraft:iron_ingot":2,"minecraft:wooden_axe":1,"minecraft:gold_ingot":1,"minecraft:white_bed":1,"minecraft:torch":48},"minecraft:custom":{"lootr:looted_stat":86,"minecraft:mob_kills":182,"minecraft:interact_with_crafting_table":34,"minecraft:open_barrel":8,"minecraft:damage_dealt_resisted":265,"minecraft:leave_game":2,"minecraft:time_since_death":58328,"minecraft:damage_resisted":0,"minecraft:climb_one_cm":12279,"minecraft:sprint_one_cm":381665,"minecraft:walk_one_cm":800879,"minecraft:drop":115,"minecraft:play_noteblock":43,"minecraft:damage_dealt_absorbed":40,"minecraft:talked_to_villager":1,"minecraft:play_time":249318,"minecraft:deaths":6,"minecraft:sneak_time":10655,"minecraft:walk_under_water_one_cm":34115,"minecraft:jump":2623,"minecraft:walk_on_water_one_cm":208198,"minecraft:total_world_time":249318,"minecraft:interact_with_furnace":47,"minecraft:tune_noteblock":166,"minecraft:sleep_in_bed":2,"minecraft:time_since_rest":37279,"minecraft:waystone_activated":2,"minecraft:damage_taken":7051,"minecraft:trigger_trapped_chest":2,"minecraft:damage_dealt":28084,"minecraft:swim_one_cm":82695,"minecraft:fly_one_cm":355686,"minecraft:crouch_one_cm":28275,"minecraft:open_chest":4,"minecraft:fall_one_cm":58242},"minecraft:picked_up":{"minecraft:crafting_table":1,"minecraft:chicken":1,"iceandfire:pixie_house_oak":1,"minecraft:ladder":2,"minecraft:nether_wart":37,"minecraft:leather_leggings":2,"byg:tall_pink_allium":3,"minecraft:lead":3,"minecraft:gold_block":1,"minecraft:stone_brick_wall":2,"minecraft:wither_rose":4,"minecraft:stone_brick_stairs":1,"gravestone:obituary":2,"corail_dt:dt":1,"minecraft:shield":2,"minecraft:string":5,"minecraft:raw_copper":52,"minecraft:armor_stand":1,"born_in_chaos_v1:intoxicating_decoction":2,"minecraft:gold_nugget":64,"minecraft:cobbled_deepslate":1,"minecraft:spruce_planks":10,"minecraft:beef":25,"minecraft:andesite_stairs":1,"minecraft:cobblestone_slab":7,"minecraft:spruce_slab":35,"minecraft:enchanted_golden_apple":1,"minecraft:coal_block":1,"minecraft:sugar_cane":3,"minecraft:birch_sapling":5,"minecraft:spruce_trapdoor":5,"minecraft:furnace":2,"minecraft:dark_oak_sapling":7,"minecraft:stick":80,"minecraft:raw_iron":11,"apotheosis:gem":14,"minecraft:copper_ingot":1,"minecraft:torch":35,"minecraft:porkchop":15,"minecraft:carrot":1,"byg:podzol_dacite":1,"minecraft:dark_oak_planks":46,"minecraft:zombie_spawn_egg":1,"born_in_chaos_v1:fried_maggot":2,"minecraft:arrow":44,"minecraft:rotten_flesh":63,"prefab:item_swift_blade_stone":1,"scalinghealth:power_crystal":1,"minecraft:mutton":17,"minecraft:iron_bars":4,"minecraft:white_wool":12,"minecraft:cobblestone":560,"born_in_chaos_v1:corpse_maggot":18,"minecraft:leather_chestplate":3,"minecraft:feather":2,"minecraft:leather":8,"minecraft:oak_log":251,"scalinghealth:bandages":2,"minecraft:golden_boots":3,"minecraft:yellow_bed":4,"scalinghealth:heart_crystal":11,"rottenleather:rotten_chunk":4,"minecraft:dirt":487,"minecraft:leather_boots":1,"minecraft:bone":21,"minecraft:chipped_anvil":1,"byg:overgrown_dacite":1,"minecraft:apple":10,"minecraft:stone_bricks":16,"minecraft:bow":4,"minecraft:wheat_seeds":4,"minecraft:creeper_spawn_egg":1,"minecraft:stone_pickaxe":1,"scalinghealth:power_crystal_shard":15,"minecraft:cobweb":5,"simplefarming:blueberry_bush":7,"apollyon:the_damned_spawn_egg":1,"minecraft:polished_andesite_slab":2,"minecraft:oak_planks":196,"slashblade:proudsoul_tiny":1,"minecraft:sheep_spawn_egg":1,"minecraft:pumpkin":4,"patchouli:guide_book":1,"minecraft:stone_brick_slab":1,"born_in_chaos_v1:ethereal_spirit":1,"minecraft:gravel":2,"simplefarming:blueberries":6,"minecraft:white_bed":1,"simplefarming:squash_seeds":2,"minecraft:dark_oak_log":26,"minecraft:spider_eye":3,"minecraft:barrel":1,"minecraft:mossy_cobblestone":2,"mining_helmet:mining_helmet":1,"minecraft:polished_andesite":4,"minecraft:soul_lantern":1,"minecraft:stone_axe":2,"immersive_armors:wooden_chestplate":1,"byg:tall_allium":1,"minecraft:chainmail_leggings":1,"minecraft:iron_helmet":1,"minecraft:crossbow":1,"minecraft:emerald":5,"minecraft:oak_sapling":103,"born_in_chaos_v1:rotten_fish":2,"minecraft:coal":63,"minecraft:ender_pearl":1,"minecraft:wooden_axe":1},"minecraft:mined":{"minecraft:dark_oak_planks":6,"minecraft:white_bed":1,"minecraft:spruce_planks":7,"minecraft:oak_sapling":1,"minecraft:mossy_cobblestone":1,"minecraft:dark_oak_leaves":1,"minecraft:dark_oak_log":44,"minecraft:ladder":3,"gravestone:gravestone":5,"minecraft:grass_block":11,"iceandfire:pixie_house_oak":1,"minecraft:polished_andesite_slab":2,"minecraft:nether_wart":14,"minecraft:spawner":13,"minecraft:furnace":1,"minecraft:iron_ore":6,"minecraft:barrel":1,"minecraft:pumpkin":4,"minecraft:gold_block":1,"iceandfire:gold_pile":2,"minecraft:deepslate_iron_ore":5,"minecraft:iron_bars":4,"minecraft:stone":356,"minecraft:spruce_slab":13,"simplefarming:blueberry_bush":7,"minecraft:stone_brick_slab":1,"minecraft:crafting_table":1,"minecraft:torch":7,"minecraft:tall_grass":13,"minecraft:cobblestone":10,"minecraft:oak_planks":387,"minecraft:sugar_cane":2,"minecraft:wall_torch":8,"minecraft:yellow_bed":4,"minecraft:grass":37,"minecraft:oak_log":110,"minecraft:dirt":382,"byg:tall_pink_allium":1,"minecraft:cobweb":2,"minecraft:cracked_stone_bricks":1,"minecraft:stone_bricks":1,"minecraft:polished_andesite":4,"byg:tall_allium":1,"minecraft:chipped_anvil":1,"minecraft:oak_leaves":12,"minecraft:deepslate":1},"minecraft:broken":{"prefab:item_swift_blade_stone":1,"minecraft:wooden_shovel":5,"minecraft:stone_sword":2,"minecraft:iron_boots":1,"mining_helmet:mining_helmet":1,"minecraft:leather_chestplate":1,"minecraft:wooden_pickaxe":2,"minecraft:stone_pickaxe":1,"minecraft:stone_axe":4,"minecraft:leather_boots":1,"minecraft:wooden_axe":2},"minecraft:killed_by":{"minecraft:player":1,"enemyexpansion:meature":1,"fear_the_dark:fever_dream":3,"iceandfire:fire_dragon":1},"minecraft:killed":{"fear_the_dark:fever_dream":4,"born_in_chaos_v1:restless_spirit":1,"alexsmobs:raccoon":1,"minecraft:spider":2,"minecraft:vindicator":1,"betteranimalsplus:boar":4,"born_in_chaos_v1:maggot":23,"minecraft:skeleton":18,"minecraft:chicken":2,"minecraft:drowned":2,"minecraft:pig":1,"enemyexpansion:ladybug":1,"enemyexpansion:sprinter":2,"minecraft:wandering_trader":2,"minecraft:creeper":1,"born_in_chaos_v1:decrepit_skeleton":1,"minecraft:sheep":11,"minecraft:trader_llama":1,"born_in_chaos_v1:zombie_fisherman":1,"minecraft:pillager":2,"enemyexpansion:meature":1,"minecraft:zombie":58,"alexsmobs:cockroach":1,"iceandfire:ghost":2,"born_in_chaos_v1:corpse_fly":4,"enemyexpansion:botfly":12,"mca:female_villager":1,"apollyon:the_damned":2,"minecraft:cow":12},"minecraft:dropped":{"byg:biomepedia":2,"minecraft:golden_boots":4,"minecraft:iron_ingot":2,"minecraft:wheat_seeds":4,"minecraft:dark_oak_sapling":7,"born_in_chaos_v1:fried_maggot":5,"minecraft:mossy_cobblestone":1,"simplefarming:blueberry_bush":7,"minecraft:cooked_porkchop":2,"minecraft:crossbow":2,"minecraft:feather":1,"minecraft:iron_helmet":1,"minecraft:cobblestone":64,"minecraft:copper_ingot":1,"minecraft:coal":17,"minecraft:coal_block":20,"scalinghealth:power_crystal":1,"minecraft:flint":85,"minecraft:dirt":64,"mca:book_romance":2,"minecraft:dark_oak_log":5,"minecraft:wooden_axe":1,"gravestone:obituary":6,"minecraft:chainmail_leggings":2,"minecraft:dark_oak_planks":66,"minecraft:string":3,"simplefarming:squash_seeds":2,"minecraft:dark_oak_door":1,"minecraft:furnace":1,"minecraft:sugar_cane":3,"minecraft:spyglass":1,"alexsmobs:animal_dictionary":2,"minecraft:soul_lantern":1,"minecraft:birch_sapling":4,"born_in_chaos_v1:rotten_fish":1,"minecraft:rotten_flesh":54,"byg:tall_allium":1,"patchouli:guide_book":3,"minecraft:filled_map":1,"minecraft:leather_chestplate":2,"minecraft:shield":1,"minecraft:spruce_trapdoor":5,"minecraft:spruce_planks":3,"born_in_chaos_v1:corpse_maggot":10,"minecraft:stone_brick_wall":2,"apotheosis:gem":2,"minecraft:oak_sapling":48,"minecraft:leather_leggings":2,"minecraft:spider_eye":1,"minecraft:barrel":1,"minecraft:stone_bricks":16,"minecraft:spruce_slab":28,"minecraft:bow":2,"byg:tall_pink_allium":2,"minecraft:stone_pickaxe":1,"corail_dt:dt":1},"minecraft:used":{"minecraft:stone_sword":278,"minecraft:iron_bars":2,"minecraft:spruce_slab":7,"minecraft:ladder":2,"minecraft:spruce_planks":5,"minecraft:iron_sword":212,"minecraft:zombie_spawn_egg":1,"minecraft:wooden_shovel":295,"born_in_chaos_v1:fried_maggot":4,"minecraft:torch":75,"minecraft:dirt":339,"minecraft:spyglass":2,"minecraft:mutton":1,"scalinghealth:heart_crystal":10,"simplefarming:blueberries":1,"minecraft:stone_brick_slab":1,"minecraft:dark_oak_planks":50,"born_in_chaos_v1:corpse_maggot":1,"minecraft:wooden_axe":136,"minecraft:birch_sapling":1,"scalinghealth:power_crystal":1,"minecraft:stone_brick_stairs":1,"minecraft:golden_sword":18,"prefab:item_swift_blade_stone":152,"minecraft:bow":13,"minecraft:oak_sapling":8,"minecraft:furnace":1,"scalinghealth:bandages":1,"minecraft:potato":7,"minecraft:cooked_beef":7,"minecraft:cobbled_deepslate":1,"byg:podzol_dacite":1,"minecraft:water_bucket":28,"minecraft:stone_pickaxe":261,"minecraft:polished_andesite":4,"minecraft:oak_planks":6,"minecraft:wooden_pickaxe":118,"minecraft:cobblestone_slab":7,"minecraft:mossy_cobblestone":1,"minecraft:crafting_table":5,"minecraft:crossbow":5,"minecraft:white_bed":2,"minecraft:dark_oak_door":2,"minecraft:creeper_spawn_egg":1,"minecraft:firework_rocket":4,"minecraft:apple":14,"minecraft:chicken":1,"minecraft:bread":25,"minecraft:iron_pickaxe":39,"minecraft:polished_andesite_slab":2,"minecraft:stone_axe":503,"minecraft:diamond_sword":120,"minecraft:cobblestone":125,"minecraft:porkchop":1,"byg:overgrown_dacite":1,"minecraft:cooked_porkchop":12,"minecraft:andesite_stairs":1,"minecraft:bucket":29,"minecraft:yellow_bed":3,"minecraft:pumpkin_pie":1}},"DataVersion":3120}