{"stats":{"minecraft:dropped":{"minecraft:enchanted_book":1,"byg:biomepedia":1,"minecraft:wheat_seeds":3,"minecraft:diamond":2,"minecraft:feather":1,"minecraft:cobblestone":121,"minecraft:amethyst_block":4,"minecraft:cracked_stone_bricks":1,"graveyard:corruption":1,"minecraft:music_disc_13":3,"minecraft:stick":16,"minecraft:dirt":2,"mca:book_romance":1,"minecraft:diorite":1,"minecraft:torch":60,"minecraft:brown_wool":1,"minecraft:cooked_cod":11,"minecraft:dead_bush":1,"gravestone:obituary":29,"minecraft:dried_kelp":13,"minecraft:oak_stairs":2,"immersive_armors:wooden_chestplate":1,"minecraft:iron_shovel":1,"minecraft:string":1,"minecraft:white_wool":2,"minecraft:music_disc_cat":1,"minecraft:smooth_basalt":2,"minecraft:spruce_sapling":7,"minecraft:bone":88,"minecraft:gravel":3,"minecraft:bricks":4,"alexsmobs:animal_dictionary":1,"minecraft:cobbled_deepslate":4553,"minecraft:bowl":3,"minecraft:tuff":861,"minecraft:rotten_flesh":24,"born_in_chaos_v1:smoked_flesh":3,"minecraft:oak_planks":3,"minecraft:stone":6,"minecraft:andesite":1,"minecraft:oak_sapling":10,"iceandfire:bestiary":1,"minecraft:spider_eye":2,"minecraft:stone_bricks":20,"minecraft:spruce_log":9,"minecraft:spruce_slab":1,"minecraft:iron_bars":18,"minecraft:arrow":4,"minecraft:stone_pickaxe":1,"minecraft:polished_granite":1},"minecraft:custom":{"minecraft:interact_with_smithing_table":2,"lootr:looted_stat":51,"minecraft:interact_with_anvil":3,"minecraft:mob_kills":91,"minecraft:interact_with_crafting_table":37,"minecraft:open_barrel":12,"minecraft:damage_dealt_resisted":46,"minecraft:leave_game":4,"minecraft:time_since_death":7928,"minecraft:climb_one_cm":2354,"minecraft:sprint_one_cm":568375,"minecraft:walk_one_cm":763935,"minecraft:damage_blocked_by_shield":40,"minecraft:drop":221,"minecraft:damage_dealt_absorbed":150,"minecraft:play_time":282619,"minecraft:deaths":28,"minecraft:sneak_time":3151,"minecraft:walk_under_water_one_cm":58504,"minecraft:boat_one_cm":8636,"minecraft:jump":3719,"minecraft:interact_with_blast_furnace":3,"minecraft:walk_on_water_one_cm":49399,"minecraft:total_world_time":282619,"minecraft:interact_with_furnace":67,"minecraft:sleep_in_bed":3,"minecraft:waystone_activated":1,"minecraft:time_since_rest":7971,"minecraft:damage_taken":12517,"minecraft:damage_dealt":16280,"minecraft:player_kills":3,"minecraft:swim_one_cm":97025,"minecraft:fly_one_cm":404895,"minecraft:open_chest":19,"minecraft:crouch_one_cm":6866,"minecraft:fall_one_cm":79756},"minecraft:killed":{"alexsmobs:lobster":5,"betteranimalsplus:nautilus":1,"graveyard:revenant":1,"minecraft:spider":8,"naturalist:robin":1,"minecraft:cod":5,"born_in_chaos_v1:zombie_bruiser":1,"born_in_chaos_v1:maggot":7,"minecraft:skeleton":11,"betteranimalsplus:deer":1,"enemyexpansion:goblin":1,"rottencreatures:undead_miner":1,"born_in_chaos_v1:fallen_chaos_knight":1,"minecraft:salmon":11,"alexsmobs:seal":2,"enemyexpansion:sprinter":3,"minecraft:creeper":1,"born_in_chaos_v1:decrepit_skeleton":1,"minecraft:sheep":3,"minecraft:zombie":16,"born_in_chaos_v1:corpse_fly":4,"enemyexpansion:huntsman":1,"enemyexpansion:botfly":1},"minecraft:used":{"simpleores:adamantium_pickaxe":600,"minecraft:iron_bars":9,"minecraft:stone_sword":36,"minecraft:iron_shovel":12,"minecraft:dried_kelp":17,"minecraft:shield":1,"minecraft:iron_sword":195,"minecraft:cooked_salmon":11,"minecraft:rotten_flesh":3,"minecraft:stone_hoe":23,"minecraft:torch":102,"prefab:item_swift_blade_wood":59,"minecraft:dirt":20,"scalinghealth:heart_crystal":1,"minecraft:carrot":6,"minecraft:tuff":9,"alexsmobs:maggot":1,"born_in_chaos_v1:smoked_flesh":4,"minecraft:wooden_axe":66,"born_in_chaos_v1:corpse_maggot":8,"minecraft:lava_bucket":11,"minecraft:bricks":1,"alexsmobs:lobster_tail":1,"oresabovediamonds:amethyst_pickaxe":1803,"minecraft:spruce_wood":2,"alexsmobs:cooked_lobster_tail":2,"minecraft:iron_helmet":1,"minecraft:stone_bricks":44,"born_in_chaos_v1:maggot_spawn_egg":1,"minecraft:furnace":1,"minecraft:salmon_spawn_egg":2,"minecraft:potato":39,"minecraft:cooked_beef":4,"minecraft:cobbled_deepslate":60,"minecraft:calcite":1,"minecraft:cooked_mutton":6,"minecraft:water_bucket":15,"simpleores:mythril_axe":221,"minecraft:oak_planks":1,"minecraft:stone_pickaxe":5115,"minecraft:baked_potato":25,"minecraft:wooden_pickaxe":15,"minecraft:crafting_table":3,"minecraft:white_bed":4,"minecraft:spruce_log":1,"minecraft:oak_log":1,"minecraft:apple":5,"scalinghealth:enchanted_heart":1,"minecraft:melon_slice":1,"minecraft:bread":5,"minecraft:iron_pickaxe":3257,"oresabovediamonds:black_opal_pickaxe":5250,"minecraft:leather_helmet":1,"minecraft:stone_axe":62,"alexsmobs:cooked_moose_ribs":3,"minecraft:wooden_sword":1,"minecraft:potion":4,"minecraft:chainmail_boots":1,"minecraft:bucket":28,"minecraft:oak_boat":1,"minecraft:bone_meal":6},"minecraft:crafted":{"minecraft:oak_planks":264,"minecraft:furnace":1,"minecraft:bone_meal":6,"minecraft:cooked_mutton":6,"minecraft:stone_pickaxe":42,"oresabovediamonds:black_opal_pickaxe":1,"simpleores:adamantium_pickaxe":1,"minecraft:stone_hoe":1,"sophisticatedbackpacks:iron_backpack":1,"minecraft:cooked_cod":7,"alexsmobs:cooked_lobster_tail":2,"minecraft:crafting_table":3,"minecraft:spruce_planks":36,"minecraft:dried_kelp":51,"alexsmobs:cooked_moose_ribs":3,"minecraft:cooked_salmon":11,"simpleores:adamantium_ingot":3,"minecraft:air":0,"byg:palm_planks":4,"minecraft:oak_boat":1,"minecraft:stick":168,"minecraft:iron_ingot":16,"minecraft:iron_pickaxe":12,"minecraft:stone_sword":1,"minecraft:gold_ingot":1,"oresabovediamonds:amethyst_pickaxe":1,"minecraft:torch":92,"simpleores:mythril_axe":1},"minecraft:killed_by":{"minecraft:player":14,"iceandfire:dread_lich":2,"enemyexpansion:huntsman":1,"minecraft:zombie":5,"cave_dweller:cave_dweller":3},"minecraft:mined":{"minecraft:tuff":1014,"minecraft:white_bed":1,"minecraft:deepslate_diamond_ore":41,"minecraft:brewing_stand":1,"oresabovediamonds:deepslate_black_opal_ore":4,"gravestone:gravestone":27,"gobber2:gobber2_ore_deepslate":6,"minecraft:grass_block":11,"armorplus:ore_lava_crystal":1,"iceandfire:deepslate_silver_ore":1,"simpleores:deepslate_adamantium_ore":12,"minecraft:kelp":6,"minecraft:spawner":9,"minecraft:tall_seagrass":2,"minecraft:carrots":1,"minecraft:iron_ore":23,"minecraft:fire":3,"minecraft:cobbled_deepslate":33,"simpleores:adamantium_ore":1,"minecraft:bookshelf":1,"minecraft:potatoes":4,"minecraft:deepslate_iron_ore":17,"minecraft:small_amethyst_bud":1,"minecraft:iron_bars":21,"armorplus:ore_lava_crystal_obsidian":4,"minecraft:spruce_wood":2,"minecraft:stone":40,"minecraft:smithing_table":1,"minecraft:kelp_plant":13,"minecraft:torch":6,"minecraft:calcite":1,"minecraft:tall_grass":2,"minecraft:cobblestone":2,"minecraft:deepslate_gold_ore":34,"minecraft:damaged_anvil":1,"minecraft:bricks":3,"minecraft:wall_torch":3,"minecraft:amethyst_block":3,"minecraft:seagrass":2,"minecraft:lime_bed":1,"oresabovediamonds:deepslate_amethyst_ore":4,"byg:palm_log":12,"simpleores:deepslate_mythril_ore":6,"minecraft:spruce_log":9,"minecraft:grass":4,"minecraft:coal_ore":23,"minecraft:oak_log":67,"minecraft:gravel":3,"minecraft:smooth_basalt":1,"graveyard:small_cyan_urn":1,"minecraft:stone_bricks":8,"minecraft:gold_ore":3,"minecraft:oak_leaves":1,"minecraft:deepslate":14718,"minecraft:fern":3},"minecraft:broken":{"minecraft:leather_helmet":1,"minecraft:chainmail_boots":1,"minecraft:stone_pickaxe":39,"prefab:item_swift_blade_wood":1,"oresabovediamonds:black_opal_pickaxe":1,"minecraft:wooden_sword":1,"minecraft:iron_pickaxe":13,"minecraft:iron_helmet":1,"minecraft:wooden_axe":1,"minecraft:golden_chestplate":1},"minecraft:picked_up":{"minecraft:chainmail_boots":2,"born_in_chaos_v1:seedof_chaos":1,"minecraft:smithing_table":1,"minecraft:oak_stairs":2,"waystones:sharestone":3,"minecraft:enchanted_book":3,"gravestone:obituary":6,"minecraft:brewing_stand":2,"minecraft:shield":1,"minecraft:amethyst_block":4,"minecraft:string":9,"minecraft:raw_copper":4,"minecraft:wooden_sword":1,"epicsamurai:jade":1,"minecraft:iron_shovel":2,"byg:palm_sapling":1,"minecraft:salmon_spawn_egg":2,"graveyard:corruption":1,"minecraft:cracked_stone_bricks":1,"minecraft:cobbled_deepslate":4544,"simpleores:raw_adamantium":13,"oresabovediamonds:amethyst":4,"minecraft:calcite":1,"minecraft:spruce_slab":1,"minecraft:phantom_membrane":6,"minecraft:stick":78,"minecraft:raw_iron":50,"minecraft:stone":6,"born_in_chaos_v1:shattered_skull":1,"minecraft:torch":79,"sophisticatedbackpacks:backpack":1,"minecraft:carrot":1,"minecraft:diorite":1,"born_in_chaos_v1:pieceofdarkmetal":5,"oresabovediamonds:black_opal":4,"graveyard:small_cyan_urn":2,"minecraft:tnt":2,"minecraft:arrow":7,"minecraft:rotten_flesh":34,"minecraft:cooked_cod":4,"byg:palm_log":9,"minecraft:gold_ingot":5,"iceandfire:deepslate_silver_ore":1,"minecraft:mutton":6,"minecraft:iron_bars":30,"minecraft:cod":7,"alexsmobs:lobster_tail":3,"minecraft:white_wool":2,"minecraft:cobblestone":242,"born_in_chaos_v1:corpse_maggot":10,"minecraft:lime_bed":1,"minecraft:feather":1,"minecraft:cooked_beef":2,"minecraft:andesite":1,"minecraft:salmon":11,"minecraft:brown_wool":1,"minecraft:potato":24,"scalinghealth:bandages":9,"minecraft:tuff":870,"minecraft:oak_log":114,"minecraft:gunpowder":1,"scalinghealth:heart_crystal":2,"rottenleather:rotten_chunk":2,"minecraft:dirt":22,"minecraft:paper":2,"minecraft:polished_granite":2,"armorplus:lava_crystal":2,"minecraft:bone":94,"simpleores:raw_mythril":6,"minecraft:apple":4,"minecraft:stone_bricks":9,"minecraft:kelp":51,"minecraft:wheat_seeds":3,"minecraft:raw_gold":35,"minecraft:rabbit_hide":3,"minecraft:spruce_wood":2,"minecraft:iron_ingot":8,"minecraft:stone_pickaxe":2,"gobber2:gobber2_globette":6,"minecraft:iron_sword":1,"minecraft:oak_planks":6,"slashblade:proudsoul_tiny":1,"scalinghealth:heart_crystal_shard":15,"minecraft:smooth_basalt":2,"minecraft:music_disc_13":3,"minecraft:gravel":3,"minecraft:dead_bush":1,"oresabovediamonds:amethyst_pickaxe":1,"minecraft:spruce_sapling":7,"minecraft:white_bed":4,"minecraft:spruce_log":19,"minecraft:spider_eye":6,"minecraft:leather_helmet":1,"minecraft:diamond":40,"immersive_armors:wooden_chestplate":2,"minecraft:chainmail_leggings":1,"alexsmobs:maggot":1,"minecraft:baked_potato":23,"minecraft:oak_sapling":10,"minecraft:damaged_anvil":1,"born_in_chaos_v1:maggot_spawn_egg":1,"minecraft:bricks":7,"minecraft:coal":24,"armorplus:lava_shard":17}},"DataVersion":3120}