{"stats":{"minecraft:picked_up":{"minecraft:wooden_axe":1,"born_in_chaos_v1:corpse_maggot":6,"minecraft:crafting_table":1,"minecraft:leather_chestplate":1,"minecraft:feather":2,"minecraft:leather_leggings":1,"minecraft:oak_log":251,"minecraft:shield":1,"scalinghealth:heart_crystal":3,"minecraft:dirt":32,"minecraft:raw_copper":52,"minecraft:leather_boots":1,"minecraft:apple":9,"minecraft:stone_pickaxe":1,"minecraft:cobweb":5,"minecraft:enchanted_golden_apple":1,"minecraft:sugar_cane":3,"minecraft:oak_planks":2,"minecraft:birch_sapling":4,"minecraft:furnace":2,"slashblade:proudsoul_tiny":1,"minecraft:stick":70,"patchouli:guide_book":1,"minecraft:torch":16,"minecraft:porkchop":6,"minecraft:dark_oak_log":1,"minecraft:spider_eye":2,"minecraft:mossy_cobblestone":1,"mining_helmet:mining_helmet":1,"minecraft:arrow":4,"minecraft:rotten_flesh":1,"minecraft:stone_axe":1,"prefab:item_swift_blade_stone":1,"minecraft:emerald":2,"scalinghealth:power_crystal":1,"minecraft:oak_sapling":102,"born_in_chaos_v1:rotten_fish":2,"minecraft:coal":55,"minecraft:cobblestone":478},"minecraft:used":{"minecraft:stone_pickaxe":130,"minecraft:wooden_pickaxe":118,"minecraft:dirt":32,"minecraft:crafting_table":2,"minecraft:wooden_axe":136,"minecraft:apple":9,"minecraft:bread":9,"scalinghealth:power_crystal":1,"minecraft:stone_axe":3,"prefab:item_swift_blade_stone":59,"minecraft:oak_sapling":8,"minecraft:porkchop":1,"minecraft:furnace":1,"minecraft:cooked_porkchop":3},"minecraft:crafted":{"minecraft:oak_planks":12,"minecraft:cooked_porkchop":5,"minecraft:crafting_table":1,"minecraft:wooden_pickaxe":1,"minecraft:furnace":1,"minecraft:stone_axe":1,"minecraft:air":0,"minecraft:stone_pickaxe":2,"minecraft:wooden_axe":1},"minecraft:dropped":{"byg:biomepedia":2,"minecraft:sugar_cane":3,"alexsmobs:animal_dictionary":2,"minecraft:mossy_cobblestone":1,"minecraft:cooked_porkchop":2,"minecraft:birch_sapling":4,"minecraft:rotten_flesh":1,"patchouli:guide_book":3,"scalinghealth:power_crystal":1,"minecraft:dark_oak_log":1,"mca:book_romance":2,"minecraft:wooden_axe":1,"minecraft:stone_pickaxe":1},"minecraft:killed":{"hordes:zombie_player":1,"minecraft:spider":1,"betteranimalsplus:boar":3,"born_in_chaos_v1:maggot":3,"born_in_chaos_v1:zombie_fisherman":1,"minecraft:pillager":2,"minecraft:zombie":1,"born_in_chaos_v1:corpse_fly":4},"minecraft:mined":{"minecraft:oak_sapling":1,"minecraft:dark_oak_log":3,"minecraft:crafting_table":1,"minecraft:sugar_cane":2,"minecraft:furnace":1,"minecraft:grass":1,"minecraft:oak_log":110,"minecraft:stone":247,"minecraft:oak_leaves":8},"minecraft:broken":{"minecraft:wooden_axe":2,"minecraft:wooden_pickaxe":2},"minecraft:custom":{"lootr:looted_stat":1,"minecraft:interact_with_furnace":6,"minecraft:mob_kills":15,"minecraft:interact_with_crafting_table":4,"minecraft:damage_dealt_resisted":0,"minecraft:leave_game":1,"minecraft:time_since_death":7801,"minecraft:climb_one_cm":299,"minecraft:time_since_rest":7850,"minecraft:sprint_one_cm":22151,"minecraft:damage_taken":720,"minecraft:walk_one_cm":151736,"minecraft:drop":16,"minecraft:damage_dealt":1992,"minecraft:swim_one_cm":8367,"minecraft:fly_one_cm":17275,"minecraft:crouch_one_cm":249,"minecraft:play_time":29114,"minecraft:deaths":1,"minecraft:sneak_time":213,"minecraft:walk_under_water_one_cm":1351,"minecraft:jump":251,"minecraft:walk_on_water_one_cm":13112,"minecraft:total_world_time":29114,"minecraft:fall_one_cm":3443},"minecraft:killed_by":{"enemyexpansion:meature":1}},"DataVersion":3120}