{"stats":{"minecraft:crafted":{"minecraft:oak_planks":32,"minecraft:dark_oak_door":3,"minecraft:chest":1,"minecraft:wooden_shovel":5,"sophisticatedbackpacks:backpack":1,"minecraft:cooked_porkchop":14,"minecraft:crafting_table":4,"minecraft:wooden_pickaxe":1,"minecraft:string":20,"minecraft:stick":32,"minecraft:iron_ingot":2,"minecraft:gold_ingot":1,"minecraft:iron_nugget":1,"minecraft:furnace":1,"born_in_chaos_v1:fried_maggot":7,"minecraft:stone_pickaxe":2,"minecraft:dark_oak_planks":84,"sophisticatedbackpacks:iron_backpack":1,"minecraft:cooked_beef":7,"minecraft:diamond_sword":1,"sophisticatedbackpacks:gold_backpack":1,"minecraft:stone_axe":2,"minecraft:air":0,"minecraft:wooden_axe":1,"minecraft:white_bed":1,"minecraft:torch":48},"minecraft:custom":{"lootr:looted_stat":88,"minecraft:interact_with_crafting_table":36,"minecraft:open_barrel":8,"minecraft:leave_game":3,"minecraft:time_since_death":78881,"minecraft:damage_resisted":0,"minecraft:sprint_one_cm":401779,"minecraft:drop":125,"minecraft:play_noteblock":43,"minecraft:talked_to_villager":1,"minecraft:play_time":269871,"minecraft:deaths":6,"minecraft:jump":2758,"minecraft:walk_on_water_one_cm":223986,"minecraft:interact_with_furnace":47,"minecraft:sleep_in_bed":3,"minecraft:waystone_activated":2,"minecraft:damage_dealt":33180,"minecraft:crouch_one_cm":31499,"minecraft:mob_kills":206,"minecraft:damage_dealt_resisted":765,"minecraft:climb_one_cm":12279,"minecraft:walk_one_cm":836610,"minecraft:damage_dealt_absorbed":118,"minecraft:sneak_time":13618,"minecraft:walk_under_water_one_cm":40208,"minecraft:total_world_time":269871,"minecraft:tune_noteblock":166,"minecraft:time_since_rest":19883,"minecraft:damage_taken":8287,"minecraft:trigger_trapped_chest":2,"minecraft:swim_one_cm":82695,"minecraft:fly_one_cm":372433,"minecraft:open_chest":4,"minecraft:fall_one_cm":61662},"minecraft:picked_up":{"minecraft:lead":4,"minecraft:wither_rose":4,"minecraft:stone_brick_stairs":1,"corail_dt:dt":1,"minecraft:string":5,"minecraft:raw_copper":52,"minecraft:armor_stand":1,"minecraft:cobbled_deepslate":1,"minecraft:gold_nugget":64,"minecraft:spruce_planks":10,"grapplemod:grapplinghook":1,"minecraft:cobblestone_slab":7,"minecraft:enchanted_golden_apple":1,"minecraft:coal_block":1,"minecraft:furnace":2,"minecraft:stick":80,"apotheosis:gem":16,"minecraft:torch":36,"minecraft:porkchop":15,"minecraft:zombie_spawn_egg":1,"born_in_chaos_v1:fried_maggot":2,"minecraft:rotten_flesh":76,"prefab:item_swift_blade_stone":1,"minecraft:iron_bars":4,"minecraft:cobblestone":561,"minecraft:leather_chestplate":3,"minecraft:feather":2,"rottenleather:rotten_chunk":4,"minecraft:dirt":508,"minecraft:leather_boots":1,"minecraft:bone":38,"minecraft:chipped_anvil":1,"minecraft:bow":5,"minecraft:wheat_seeds":4,"rottenleather:flesh_jerky":1,"simplefarming:blueberry_bush":7,"minecraft:oak_planks":197,"minecraft:sheep_spawn_egg":1,"patchouli:guide_book":1,"minecraft:dark_oak_log":26,"minecraft:barrel":1,"minecraft:mossy_cobblestone":2,"mining_helmet:mining_helmet":1,"minecraft:skeleton_spawn_egg":1,"minecraft:polished_andesite":4,"minecraft:soul_lantern":1,"minecraft:crossbow":1,"minecraft:emerald":5,"born_in_chaos_v1:rotten_fish":3,"minecraft:oak_sapling":103,"minecraft:crafting_table":1,"minecraft:nether_wart":37,"minecraft:ladder":2,"minecraft:chicken":1,"iceandfire:pixie_house_oak":1,"minecraft:leather_leggings":2,"byg:tall_pink_allium":3,"minecraft:stone_brick_wall":2,"minecraft:gold_block":1,"gravestone:obituary":2,"minecraft:shield":2,"fear_the_dark:leg_spike":2,"born_in_chaos_v1:intoxicating_decoction":2,"minecraft:beef":25,"minecraft:andesite_stairs":1,"minecraft:spruce_slab":35,"minecraft:sugar_cane":3,"minecraft:birch_sapling":5,"minecraft:spruce_trapdoor":5,"minecraft:dark_oak_sapling":7,"minecraft:raw_iron":11,"minecraft:copper_ingot":1,"minecraft:carrot":1,"byg:podzol_dacite":1,"minecraft:dark_oak_planks":47,"minecraft:arrow":57,"scalinghealth:power_crystal":1,"minecraft:mutton":17,"minecraft:white_wool":12,"born_in_chaos_v1:corpse_maggot":20,"minecraft:leather":8,"minecraft:oak_log":252,"scalinghealth:bandages":2,"minecraft:golden_boots":3,"minecraft:yellow_bed":4,"scalinghealth:heart_crystal":14,"byg:overgrown_dacite":1,"minecraft:apple":10,"minecraft:stone_bricks":16,"minecraft:creeper_spawn_egg":1,"minecraft:stone_pickaxe":1,"minecraft:cobweb":5,"scalinghealth:power_crystal_shard":15,"apollyon:the_damned_spawn_egg":1,"minecraft:polished_andesite_slab":2,"slashblade:proudsoul_tiny":1,"minecraft:pumpkin":4,"minecraft:stone_brick_slab":1,"born_in_chaos_v1:ethereal_spirit":1,"simplefarming:blueberries":6,"minecraft:gravel":2,"minecraft:white_bed":1,"simplefarming:squash_seeds":2,"minecraft:spider_eye":3,"minecraft:stone_axe":2,"minecraft:chainmail_leggings":1,"byg:tall_allium":1,"immersive_armors:wooden_chestplate":1,"minecraft:iron_helmet":1,"minecraft:coal":63,"minecraft:wooden_axe":1,"minecraft:ender_pearl":1},"minecraft:mined":{"minecraft:dark_oak_planks":6,"minecraft:spruce_planks":7,"minecraft:white_bed":1,"minecraft:oak_sapling":1,"minecraft:grass_block":11,"iceandfire:pixie_house_oak":1,"minecraft:nether_wart":14,"minecraft:spawner":13,"minecraft:iron_ore":6,"minecraft:barrel":1,"minecraft:pumpkin":4,"iceandfire:gold_pile":2,"minecraft:iron_bars":4,"minecraft:spruce_slab":13,"minecraft:torch":8,"minecraft:cobblestone":10,"minecraft:sugar_cane":2,"minecraft:oak_planks":518,"minecraft:wall_torch":8,"minecraft:grass":37,"minecraft:oak_log":110,"minecraft:dirt":403,"minecraft:oak_leaves":12,"minecraft:deepslate":1,"minecraft:mossy_cobblestone":1,"minecraft:dark_oak_leaves":1,"minecraft:dark_oak_log":44,"gravestone:gravestone":5,"minecraft:ladder":3,"minecraft:polished_andesite_slab":2,"minecraft:furnace":1,"minecraft:gold_block":1,"minecraft:deepslate_iron_ore":5,"minecraft:stone":356,"simplefarming:blueberry_bush":7,"minecraft:stone_brick_slab":1,"minecraft:crafting_table":1,"minecraft:tall_grass":13,"minecraft:yellow_bed":4,"byg:tall_pink_allium":1,"minecraft:cobweb":2,"minecraft:cracked_stone_bricks":1,"minecraft:polished_andesite":4,"minecraft:stone_bricks":1,"byg:tall_allium":1,"minecraft:chipped_anvil":1},"minecraft:broken":{"prefab:item_swift_blade_stone":1,"minecraft:wooden_shovel":5,"minecraft:iron_boots":1,"mining_helmet:mining_helmet":1,"minecraft:stone_pickaxe":1,"minecraft:stone_axe":5,"minecraft:wooden_axe":2,"minecraft:stone_sword":2,"minecraft:leather_chestplate":1,"minecraft:wooden_pickaxe":2,"minecraft:leather_boots":1},"minecraft:killed_by":{"enemyexpansion:meature":1,"fear_the_dark:fever_dream":3,"iceandfire:fire_dragon":1,"minecraft:player":1},"minecraft:killed":{"born_in_chaos_v1:restless_spirit":1,"minecraft:spider":2,"minecraft:skeleton":27,"minecraft:chicken":2,"minecraft:pig":1,"enemyexpansion:ladybug":1,"minecraft:creeper":1,"minecraft:sheep":11,"minecraft:trader_llama":1,"minecraft:pillager":2,"born_in_chaos_v1:zombie_fisherman":1,"enemyexpansion:meature":1,"minecraft:zombie":65,"born_in_chaos_v1:corpse_fly":5,"enemyexpansion:botfly":13,"apollyon:the_damned":2,"minecraft:cow":12,"fear_the_dark:fever_dream":4,"alexsmobs:raccoon":1,"minecraft:vindicator":1,"betteranimalsplus:boar":4,"born_in_chaos_v1:maggot":24,"born_in_chaos_v1:corpse_fish":3,"minecraft:drowned":2,"enemyexpansion:sprinter":2,"minecraft:wandering_trader":2,"born_in_chaos_v1:decrepit_skeleton":1,"alexsmobs:cockroach":1,"iceandfire:ghost":2,"mca:female_villager":1},"minecraft:dropped":{"byg:biomepedia":2,"born_in_chaos_v1:fried_maggot":5,"minecraft:cooked_porkchop":2,"minecraft:dark_oak_sapling":7,"minecraft:crossbow":2,"minecraft:flint":85,"minecraft:dirt":64,"minecraft:dark_oak_log":5,"gravestone:obituary":6,"fear_the_dark:leg_spike":1,"minecraft:dark_oak_planks":66,"simplefarming:squash_seeds":2,"minecraft:gravel":2,"minecraft:dark_oak_door":1,"minecraft:sugar_cane":3,"minecraft:spyglass":1,"alexsmobs:animal_dictionary":2,"minecraft:birch_sapling":4,"minecraft:soul_lantern":1,"minecraft:rotten_flesh":62,"patchouli:guide_book":3,"minecraft:leather_chestplate":2,"born_in_chaos_v1:corpse_maggot":11,"minecraft:stone_brick_wall":2,"apotheosis:gem":2,"minecraft:leather_leggings":2,"minecraft:spruce_slab":28,"minecraft:golden_boots":4,"minecraft:iron_ingot":2,"minecraft:wheat_seeds":4,"minecraft:mossy_cobblestone":1,"simplefarming:blueberry_bush":7,"minecraft:cobblestone":64,"minecraft:iron_helmet":1,"minecraft:feather":1,"minecraft:lead":1,"minecraft:copper_ingot":1,"minecraft:coal":17,"minecraft:coal_block":20,"scalinghealth:power_crystal":1,"mca:book_romance":2,"minecraft:wooden_axe":1,"minecraft:chainmail_leggings":2,"minecraft:string":3,"minecraft:furnace":1,"born_in_chaos_v1:rotten_fish":2,"byg:tall_allium":1,"minecraft:filled_map":1,"minecraft:shield":1,"minecraft:spruce_trapdoor":5,"minecraft:spruce_planks":3,"minecraft:oak_sapling":48,"minecraft:stone_bricks":16,"minecraft:barrel":1,"minecraft:spider_eye":1,"byg:tall_pink_allium":2,"minecraft:bow":5,"minecraft:stone_pickaxe":1,"corail_dt:dt":1},"minecraft:used":{"fear_the_dark:leg_spike":34,"minecraft:spruce_slab":7,"minecraft:ladder":2,"minecraft:iron_sword":212,"minecraft:zombie_spawn_egg":1,"minecraft:mutton":7,"minecraft:skeleton_spawn_egg":1,"simplefarming:blueberries":1,"born_in_chaos_v1:corpse_maggot":1,"minecraft:birch_sapling":1,"minecraft:stone_brick_stairs":1,"minecraft:golden_sword":18,"minecraft:bow":13,"minecraft:furnace":1,"minecraft:oak_sapling":8,"minecraft:potato":7,"minecraft:stone_pickaxe":261,"minecraft:oak_planks":7,"minecraft:wooden_pickaxe":118,"minecraft:crossbow":5,"minecraft:creeper_spawn_egg":1,"minecraft:firework_rocket":4,"minecraft:bread":25,"minecraft:polished_andesite_slab":2,"minecraft:diamond_sword":178,"minecraft:iron_bars":2,"minecraft:stone_sword":278,"minecraft:spruce_planks":5,"minecraft:wooden_shovel":295,"born_in_chaos_v1:fried_maggot":4,"minecraft:torch":76,"minecraft:dirt":381,"minecraft:spyglass":2,"scalinghealth:heart_crystal":13,"minecraft:stone_brick_slab":1,"minecraft:wooden_axe":136,"minecraft:dark_oak_planks":50,"scalinghealth:power_crystal":1,"prefab:item_swift_blade_stone":152,"scalinghealth:bandages":1,"minecraft:cooked_beef":7,"minecraft:cobbled_deepslate":1,"byg:podzol_dacite":1,"minecraft:water_bucket":37,"minecraft:polished_andesite":4,"minecraft:cobblestone_slab":7,"minecraft:mossy_cobblestone":1,"minecraft:crafting_table":5,"minecraft:white_bed":2,"minecraft:dark_oak_door":2,"minecraft:apple":14,"minecraft:chicken":1,"minecraft:iron_pickaxe":39,"minecraft:stone_axe":634,"minecraft:cobblestone":125,"byg:overgrown_dacite":1,"minecraft:cooked_porkchop":12,"minecraft:porkchop":1,"minecraft:andesite_stairs":1,"minecraft:bucket":38,"minecraft:pumpkin_pie":1,"minecraft:yellow_bed":4,"rottenleather:flesh_jerky":1}},"DataVersion":3120}