{"stats":{"minecraft:crafted":{"minecraft:oak_planks":32,"minecraft:iron_nugget":1,"minecraft:furnace":1,"born_in_chaos_v1:fried_maggot":7,"minecraft:stone_pickaxe":2,"minecraft:chest":1,"sophisticatedbackpacks:iron_backpack":1,"minecraft:cooked_beef":7,"minecraft:diamond_sword":1,"sophisticatedbackpacks:backpack":1,"minecraft:cooked_porkchop":14,"minecraft:crafting_table":2,"minecraft:wooden_pickaxe":1,"sophisticatedbackpacks:gold_backpack":1,"minecraft:stone_axe":1,"minecraft:air":0,"minecraft:string":20,"minecraft:stick":24,"minecraft:iron_ingot":2,"minecraft:wooden_axe":1,"minecraft:gold_ingot":1,"minecraft:white_bed":1,"minecraft:torch":48},"minecraft:custom":{"lootr:looted_stat":66,"minecraft:mob_kills":94,"minecraft:interact_with_crafting_table":28,"minecraft:open_barrel":7,"minecraft:damage_dealt_resisted":55,"minecraft:leave_game":2,"minecraft:time_since_death":134350,"minecraft:damage_resisted":0,"minecraft:climb_one_cm":9072,"minecraft:sprint_one_cm":212735,"minecraft:walk_one_cm":582200,"minecraft:drop":88,"minecraft:play_noteblock":43,"minecraft:talked_to_villager":1,"minecraft:play_time":177318,"minecraft:deaths":2,"minecraft:sneak_time":8134,"minecraft:walk_under_water_one_cm":20471,"minecraft:jump":1706,"minecraft:walk_on_water_one_cm":144861,"minecraft:total_world_time":177318,"minecraft:interact_with_furnace":47,"minecraft:tune_noteblock":166,"minecraft:sleep_in_bed":1,"minecraft:time_since_rest":79914,"minecraft:damage_taken":3450,"minecraft:trigger_trapped_chest":2,"minecraft:damage_dealt":15385,"minecraft:swim_one_cm":69707,"minecraft:fly_one_cm":183986,"minecraft:crouch_one_cm":20422,"minecraft:open_chest":4,"minecraft:fall_one_cm":34135},"minecraft:mined":{"minecraft:white_bed":1,"minecraft:spruce_planks":7,"minecraft:oak_sapling":1,"minecraft:mossy_cobblestone":1,"minecraft:dark_oak_log":9,"minecraft:ladder":3,"gravestone:gravestone":1,"iceandfire:pixie_house_oak":1,"minecraft:polished_andesite_slab":2,"minecraft:nether_wart":14,"minecraft:spawner":10,"minecraft:furnace":1,"minecraft:iron_ore":6,"minecraft:barrel":1,"minecraft:pumpkin":4,"minecraft:gold_block":1,"minecraft:deepslate_iron_ore":5,"minecraft:iron_bars":4,"minecraft:stone":345,"minecraft:spruce_slab":12,"simplefarming:blueberry_bush":7,"minecraft:crafting_table":1,"minecraft:torch":2,"minecraft:cobblestone":10,"minecraft:sugar_cane":2,"minecraft:wall_torch":6,"minecraft:grass":30,"minecraft:oak_log":110,"byg:tall_pink_allium":1,"minecraft:cracked_stone_bricks":1,"minecraft:stone_bricks":1,"minecraft:polished_andesite":2,"byg:tall_allium":1,"minecraft:oak_leaves":8,"minecraft:deepslate":1},"minecraft:picked_up":{"minecraft:crafting_table":1,"iceandfire:pixie_house_oak":1,"minecraft:ladder":2,"minecraft:nether_wart":37,"minecraft:leather_leggings":2,"byg:tall_pink_allium":3,"minecraft:lead":3,"minecraft:gold_block":1,"minecraft:stone_brick_wall":2,"minecraft:wither_rose":2,"minecraft:stone_brick_stairs":1,"gravestone:obituary":2,"corail_dt:dt":1,"minecraft:shield":2,"minecraft:string":1,"minecraft:raw_copper":52,"born_in_chaos_v1:intoxicating_decoction":2,"minecraft:cobbled_deepslate":1,"minecraft:spruce_planks":7,"minecraft:beef":13,"minecraft:andesite_stairs":1,"minecraft:cobblestone_slab":7,"minecraft:spruce_slab":29,"minecraft:enchanted_golden_apple":1,"minecraft:coal_block":1,"minecraft:sugar_cane":3,"minecraft:birch_sapling":4,"minecraft:spruce_trapdoor":5,"minecraft:furnace":2,"minecraft:stick":75,"minecraft:raw_iron":11,"apotheosis:gem":7,"minecraft:torch":24,"minecraft:porkchop":15,"minecraft:carrot":1,"byg:podzol_dacite":1,"minecraft:zombie_spawn_egg":1,"born_in_chaos_v1:fried_maggot":2,"minecraft:arrow":8,"minecraft:rotten_flesh":39,"prefab:item_swift_blade_stone":1,"scalinghealth:power_crystal":1,"minecraft:mutton":6,"minecraft:iron_bars":4,"minecraft:white_wool":3,"minecraft:cobblestone":549,"born_in_chaos_v1:corpse_maggot":13,"minecraft:leather_chestplate":1,"minecraft:feather":2,"minecraft:leather":5,"minecraft:oak_log":251,"minecraft:golden_boots":3,"scalinghealth:heart_crystal":6,"minecraft:dirt":32,"minecraft:leather_boots":1,"byg:overgrown_dacite":1,"minecraft:apple":9,"minecraft:stone_bricks":16,"minecraft:wheat_seeds":1,"minecraft:creeper_spawn_egg":1,"minecraft:stone_pickaxe":1,"scalinghealth:power_crystal_shard":5,"minecraft:cobweb":5,"simplefarming:blueberry_bush":7,"minecraft:polished_andesite_slab":2,"minecraft:oak_planks":2,"slashblade:proudsoul_tiny":1,"minecraft:pumpkin":4,"patchouli:guide_book":1,"born_in_chaos_v1:ethereal_spirit":1,"simplefarming:blueberries":6,"minecraft:white_bed":1,"simplefarming:squash_seeds":1,"minecraft:dark_oak_log":5,"minecraft:spider_eye":3,"minecraft:barrel":1,"minecraft:mossy_cobblestone":2,"mining_helmet:mining_helmet":1,"minecraft:polished_andesite":2,"minecraft:stone_axe":1,"immersive_armors:wooden_chestplate":1,"byg:tall_allium":1,"minecraft:chainmail_leggings":1,"minecraft:crossbow":1,"minecraft:emerald":5,"minecraft:oak_sapling":102,"born_in_chaos_v1:rotten_fish":2,"minecraft:coal":63,"minecraft:ender_pearl":1,"minecraft:wooden_axe":1},"minecraft:broken":{"prefab:item_swift_blade_stone":1,"minecraft:stone_sword":1,"minecraft:leather_chestplate":1,"minecraft:wooden_pickaxe":2,"minecraft:stone_pickaxe":1,"minecraft:leather_boots":1,"minecraft:wooden_axe":2},"minecraft:killed_by":{"enemyexpansion:meature":1,"iceandfire:fire_dragon":1},"minecraft:killed":{"fear_the_dark:fever_dream":3,"born_in_chaos_v1:restless_spirit":1,"alexsmobs:raccoon":1,"minecraft:spider":1,"minecraft:vindicator":1,"betteranimalsplus:boar":4,"born_in_chaos_v1:maggot":13,"minecraft:skeleton":2,"minecraft:chicken":1,"minecraft:pig":1,"enemyexpansion:ladybug":1,"enemyexpansion:sprinter":2,"minecraft:wandering_trader":2,"minecraft:creeper":1,"minecraft:sheep":2,"minecraft:trader_llama":1,"born_in_chaos_v1:zombie_fisherman":1,"minecraft:pillager":2,"minecraft:zombie":31,"alexsmobs:cockroach":1,"iceandfire:ghost":2,"born_in_chaos_v1:corpse_fly":4,"enemyexpansion:botfly":7,"mca:female_villager":1,"minecraft:cow":6},"minecraft:dropped":{"byg:biomepedia":2,"minecraft:golden_boots":4,"minecraft:iron_ingot":2,"minecraft:wheat_seeds":1,"born_in_chaos_v1:fried_maggot":5,"minecraft:mossy_cobblestone":1,"simplefarming:blueberry_bush":7,"minecraft:cooked_porkchop":2,"minecraft:crossbow":2,"minecraft:feather":1,"minecraft:iron_helmet":1,"minecraft:cobblestone":64,"minecraft:coal":17,"minecraft:coal_block":20,"scalinghealth:power_crystal":1,"minecraft:flint":85,"mca:book_romance":2,"minecraft:dark_oak_log":5,"minecraft:wooden_axe":1,"gravestone:obituary":3,"minecraft:chainmail_leggings":2,"minecraft:string":1,"simplefarming:squash_seeds":1,"minecraft:furnace":1,"minecraft:sugar_cane":3,"alexsmobs:animal_dictionary":2,"minecraft:birch_sapling":4,"born_in_chaos_v1:rotten_fish":1,"minecraft:rotten_flesh":38,"byg:tall_allium":1,"patchouli:guide_book":3,"minecraft:shield":1,"minecraft:spruce_trapdoor":5,"minecraft:spruce_planks":3,"born_in_chaos_v1:corpse_maggot":4,"minecraft:stone_brick_wall":2,"apotheosis:gem":2,"minecraft:oak_sapling":47,"minecraft:leather_leggings":2,"minecraft:spider_eye":1,"minecraft:barrel":1,"minecraft:stone_bricks":16,"minecraft:spruce_slab":28,"byg:tall_pink_allium":2,"minecraft:stone_pickaxe":1,"corail_dt:dt":1},"minecraft:used":{"minecraft:stone_sword":141,"minecraft:iron_bars":2,"minecraft:spruce_slab":1,"minecraft:ladder":2,"minecraft:spruce_planks":2,"minecraft:iron_sword":212,"minecraft:zombie_spawn_egg":1,"born_in_chaos_v1:fried_maggot":4,"minecraft:torch":45,"minecraft:dirt":32,"minecraft:spyglass":2,"scalinghealth:heart_crystal":5,"simplefarming:blueberries":1,"born_in_chaos_v1:corpse_maggot":1,"minecraft:wooden_axe":136,"scalinghealth:power_crystal":1,"minecraft:stone_brick_stairs":1,"minecraft:golden_sword":18,"prefab:item_swift_blade_stone":152,"minecraft:oak_sapling":8,"minecraft:furnace":1,"minecraft:cooked_beef":3,"minecraft:cobbled_deepslate":1,"byg:podzol_dacite":1,"minecraft:water_bucket":5,"minecraft:stone_pickaxe":261,"minecraft:polished_andesite":2,"minecraft:wooden_pickaxe":118,"minecraft:cobblestone_slab":7,"minecraft:mossy_cobblestone":1,"minecraft:crafting_table":3,"minecraft:crossbow":5,"minecraft:white_bed":2,"minecraft:creeper_spawn_egg":1,"minecraft:firework_rocket":4,"minecraft:apple":11,"minecraft:bread":9,"minecraft:iron_pickaxe":13,"minecraft:polished_andesite_slab":2,"minecraft:stone_axe":51,"minecraft:cobblestone":119,"minecraft:porkchop":1,"byg:overgrown_dacite":1,"minecraft:cooked_porkchop":12,"minecraft:andesite_stairs":1,"minecraft:bucket":6,"minecraft:pumpkin_pie":1}},"DataVersion":3120}