{"stats":{"minecraft:dropped":{"sophisticatedbackpacks:iron_backpack":1,"minecraft:iron_ingot":6,"minecraft:iron_sword":1,"minecraft:wheat_seeds":4,"minecraft:clock":1,"gobber2:gobber2_foo":1,"minecraft:cobblestone":12,"minecraft:leather":4,"minecraft:granite":9,"minecraft:coal":1,"minecraft:stick":2,"minecraft:music_disc_13":2,"minecraft:diorite":2,"oresabovediamonds:amethyst_pickaxe":1,"byg:soapstone":6,"minecraft:wooden_axe":1,"minecraft:dead_bush":1,"gravestone:obituary":36,"minecraft:wooden_sword":1,"minecraft:iron_pickaxe":2,"minecraft:paper":2,"minecraft:string":4,"minecraft:birch_log":7,"minecraft:smooth_basalt":3,"minecraft:gravel":8,"minecraft:stone_axe":3,"oresabovediamonds:amethyst_sword":1,"minecraft:cobbled_deepslate":194,"minecraft:stone_sword":1,"minecraft:raw_copper":4,"minecraft:tuff":98,"born_in_chaos_v1:ethereal_spirit":3,"minecraft:raw_iron":3,"minecraft:rotten_flesh":17,"simpleores:raw_tin":6,"minecraft:potato":2,"simpleores:copper_pickaxe":1,"oresabovediamonds:amethyst":13,"minecraft:shield":1,"minecraft:gunpowder":1,"minecraft:diamond_pickaxe":4,"minecraft:andesite":13,"born_in_chaos_v1:corpse_maggot":1,"minecraft:oak_sapling":5,"minecraft:arrow":5,"minecraft:stone_pickaxe":2,"minecraft:calcite":10,"iceandfire:silver_pickaxe":1,"minecraft:brick":42,"minecraft:egg":1},"minecraft:custom":{"lootr:looted_stat":38,"minecraft:mob_kills":51,"minecraft:interact_with_crafting_table":53,"minecraft:damage_dealt_resisted":75,"minecraft:leave_game":1,"minecraft:time_since_death":6630,"minecraft:sprint_one_cm":404901,"minecraft:walk_one_cm":801711,"minecraft:damage_blocked_by_shield":1189,"minecraft:drop":138,"minecraft:play_noteblock":1,"minecraft:play_time":309893,"minecraft:deaths":31,"minecraft:sneak_time":185,"minecraft:walk_under_water_one_cm":25441,"minecraft:boat_one_cm":55397,"minecraft:interact_with_lectern":3,"minecraft:jump":3497,"minecraft:walk_on_water_one_cm":47963,"minecraft:total_world_time":309893,"minecraft:interact_with_furnace":139,"minecraft:play_record":2,"minecraft:time_since_rest":6656,"minecraft:damage_taken":13033,"minecraft:damage_absorbed":82,"minecraft:damage_dealt":14316,"minecraft:player_kills":3,"minecraft:fly_one_cm":313688,"minecraft:open_chest":70,"minecraft:crouch_one_cm":91,"minecraft:fall_one_cm":67561},"minecraft:killed":{"enemyexpansion:trollenraged":1,"minecraft:spider":2,"born_in_chaos_v1:zombie_bruiser":1,"born_in_chaos_v1:maggot":2,"minecraft:horse":3,"minecraft:skeleton":8,"alexsmobs:comb_jelly":1,"born_in_chaos_v1:diamond_termite":6,"born_in_chaos_v1:wither_scuttler":1,"minecraft:creeper":1,"born_in_chaos_v1:decrepit_skeleton":3,"whisperwoods:zotzpyre":1,"enemyexpansion:meature":1,"minecraft:zombie":13,"born_in_chaos_v1:dark_vortex":1,"cave_dweller:cave_dweller":1,"minecraft:cow":3},"minecraft:used":{"simpleores:adamantium_pickaxe":650,"gobber2:gobber2_gooey_bread":8,"minecraft:chest":7,"minecraft:shield":47,"minecraft:iron_sword":207,"oresabovediamonds:amethyst_sword":18,"minecraft:torch":82,"prefab:item_swift_blade_wood":59,"minecraft:skeleton_spawn_egg":1,"minecraft:carrot":10,"minecraft:tuff":26,"minecraft:music_disc_13":2,"minecraft:granite":1,"minecraft:wooden_axe":30,"born_in_chaos_v1:smoked_flesh":14,"oresabovediamonds:amethyst_pickaxe":1033,"gobber2:gobber2_gooey_beef":2,"minecraft:beef":4,"minecraft:furnace":4,"minecraft:cooked_cod":3,"minecraft:egg":4,"minecraft:potato":10,"minecraft:cooked_beef":3,"minecraft:cobbled_deepslate":272,"enemyexpansion:meature_spawn_egg":1,"minecraft:stone_pickaxe":234,"minecraft:baked_potato":20,"minecraft:wooden_pickaxe":7,"minecraft:golden_apple":2,"simpleores:copper_pickaxe":563,"iceandfire:silver_pickaxe":920,"minecraft:diamond_pickaxe":4684,"minecraft:iron_pickaxe":4019,"minecraft:stone_axe":206,"minecraft:cobblestone":23,"byg:palm_sapling":1,"minecraft:golden_pickaxe":96},"minecraft:crafted":{"minecraft:oak_planks":188,"oresabovediamonds:amethyst_sword":1,"minecraft:furnace":4,"minecraft:dead_bush":1,"minecraft:chest":6,"oresabovediamonds:black_opal_pickaxe":1,"simpleores:adamantium_pickaxe":1,"sophisticatedbackpacks:iron_backpack":1,"iceandfire:silver_ingot":8,"minecraft:golden_pickaxe":2,"minecraft:copper_ingot":222,"simpleores:adamantium_ingot":16,"sophisticatedbackpacks:gold_backpack":1,"minecraft:bucket":1,"simpleores:adamantium_leggings":1,"simpleores:adamantium_helmet":1,"minecraft:diamond_pickaxe":3,"minecraft:stick":68,"minecraft:iron_ingot":37,"minecraft:iron_pickaxe":15,"simpleores:mythril_ingot":14,"minecraft:gold_ingot":34,"oresabovediamonds:amethyst_pickaxe":2,"iceandfire:silver_pickaxe":2,"simpleores:copper_pickaxe":7},"minecraft:killed_by":{"minecraft:player":9,"minecraft:creeper":1,"enemyexpansion:slugger":1,"iceandfire:dread_lich":2,"enemyexpansion:huntsman":1,"betteranimalsplus:coyote":1,"born_in_chaos_v1:diamond_termite":2,"minecraft:skeleton":1,"minecraft:zombie":7,"cave_dweller:cave_dweller":2},"minecraft:mined":{"armorplus:ore_frost_crystal_obsidian":3,"minecraft:tuff":538,"minecraft:spruce_planks":2,"minecraft:white_bed":1,"iceandfire:silver_ore":15,"epicsamurai:deepslate_onyx_ore":2,"minecraft:mossy_cobblestone":1,"minecraft:deepslate_diamond_ore":25,"armorplus:ore_lava_crystal_stone":2,"oresabovediamonds:deepslate_black_opal_ore":3,"minecraft:glow_lichen":3,"gravestone:gravestone":29,"minecraft:granite":7,"minecraft:budding_amethyst":12,"epicsamurai:deepslate_ruby_ore":8,"gobber2:gobber2_ore_deepslate":36,"armorplus:ore_lava_crystal":1,"gobber2:gobber2_lucky_block":12,"minecraft:spruce_leaves":2,"simpleores:deepslate_adamantium_ore":14,"armorplus:ore_frost_crystal_stone":5,"minecraft:spawner":7,"minecraft:large_fern":1,"minecraft:carrots":3,"minecraft:iron_ore":19,"minecraft:cobbled_deepslate":4,"minecraft:andesite":1,"simpleores:adamantium_ore":2,"minecraft:black_carpet":1,"minecraft:deepslate_lapis_ore":25,"minecraft:deepslate_iron_ore":25,"epicsamurai:deepslate_silver_ore":5,"minecraft:oak_stairs":2,"minecraft:iron_bars":2,"armorplus:ore_lava_crystal_obsidian":5,"simpleores:tin_ore":25,"minecraft:stone":56,"minecraft:spruce_slab":2,"minecraft:deepslate_redstone_ore":61,"minecraft:kelp_plant":1,"minecraft:polished_granite":4,"born_in_chaos_v1:infected_deepslate_diamond_ore":3,"minecraft:torch":1,"minecraft:calcite":4,"minecraft:cobblestone":2,"minecraft:copper_ore":59,"minecraft:tall_grass":5,"minecraft:deepslate_gold_ore":65,"minecraft:oak_planks":5,"minecraft:bricks":8,"minecraft:seagrass":1,"minecraft:diorite":1,"minecraft:wall_torch":7,"minecraft:amethyst_block":62,"minecraft:spruce_stairs":1,"oresabovediamonds:deepslate_amethyst_ore":22,"simpleores:deepslate_mythril_ore":27,"minecraft:birch_log":7,"simpleores:deepslate_tin_ore":30,"minecraft:jukebox":1,"gobber2:gobber2_lucky_block_deepslate":6,"minecraft:grass":3,"simpleores:mythril_ore":3,"minecraft:oak_log":69,"minecraft:coal_ore":26,"minecraft:gravel":3,"minecraft:dirt":3,"minecraft:smooth_basalt":3,"minecraft:cracked_stone_bricks":1,"minecraft:stone_bricks":6,"minecraft:deepslate":10906,"minecraft:gold_ore":8,"minecraft:fern":1,"minecraft:oak_leaves":5},"minecraft:broken":{"immersive_armors:wooden_leggings":1,"iceandfire:silver_pickaxe":2,"minecraft:chainmail_helmet":1,"minecraft:stone_pickaxe":1,"prefab:item_swift_blade_wood":1,"simpleores:copper_pickaxe":3,"minecraft:diamond_pickaxe":3,"minecraft:stone_axe":1,"minecraft:iron_pickaxe":15,"minecraft:golden_pickaxe":3,"minecraft:wooden_axe":1,"minecraft:golden_chestplate":1},"minecraft:picked_up":{"sophisticatedbackpacks:gold_backpack":4,"born_in_chaos_v1:diamond_termite_shard":4,"byg:soapstone":6,"born_in_chaos_v1:decrepit_skeleton_spawn_egg":1,"gravestone:obituary":32,"minecraft:shield":1,"minecraft:amethyst_block":64,"minecraft:string":4,"minecraft:raw_copper":226,"minecraft:wooden_sword":1,"born_in_chaos_v1:intoxicating_decoction":1,"byg:palm_sapling":1,"minecraft:cobbled_deepslate":8486,"simpleores:raw_adamantium":16,"minecraft:beef":4,"oresabovediamonds:amethyst":34,"minecraft:calcite":10,"simpleores:raw_tin":121,"minecraft:iron_pickaxe":2,"minecraft:chest":1,"minecraft:iron_boots":1,"minecraft:egg":1,"minecraft:stick":1,"minecraft:raw_iron":44,"minecraft:jukebox":3,"minecraft:torch":18,"iceandfire:silver_ore":15,"oresabovediamonds:amethyst_sword":1,"sophisticatedbackpacks:backpack":1,"minecraft:carrot":7,"oresabovediamonds:black_opal":3,"minecraft:diorite":2,"born_in_chaos_v1:pieceofdarkmetal":4,"minecraft:redstone":244,"minecraft:black_dye":1,"minecraft:zombie_spawn_egg":1,"gobber2:gobber2_foo":4,"minecraft:cooked_cod":3,"minecraft:arrow":11,"minecraft:rotten_flesh":33,"minecraft:iron_bars":16,"minecraft:cobblestone":165,"minecraft:birch_log":7,"born_in_chaos_v1:corpse_maggot":2,"minecraft:andesite":13,"gobber2:gobber2_gooey_beefstew":1,"minecraft:leather":5,"minecraft:potato":4,"minecraft:tuff":446,"minecraft:oak_log":64,"scalinghealth:bandages":2,"minecraft:gunpowder":1,"rottenleather:rotten_chunk":1,"minecraft:lapis_lazuli":157,"minecraft:polished_granite":1,"armorplus:lava_crystal":1,"minecraft:bone":11,"simpleores:raw_mythril":29,"minecraft:stone_bricks":1,"minecraft:bow":1,"gobber2:gobber2_gooey_beef":2,"minecraft:wheat_seeds":4,"minecraft:raw_gold":70,"born_in_chaos_v1:smoked_flesh":3,"minecraft:stone_pickaxe":2,"gobber2:gobber2_globette":36,"minecraft:iron_sword":1,"epicsamurai:raw_silver":5,"gobber2:gobber2_gooey_bread":8,"armorplus:frost_shard":20,"epicsamurai:onyx":2,"minecraft:smooth_basalt":3,"minecraft:music_disc_13":3,"born_in_chaos_v1:ethereal_spirit":8,"minecraft:gravel":8,"sophisticatedbackpacks:iron_backpack":2,"minecraft:spider_eye":1,"simpleores:copper_pickaxe":1,"iceandfire:silver_pickaxe":1,"minecraft:skeleton_spawn_egg":1,"enemyexpansion:meature_spawn_egg":1,"minecraft:diamond":26,"minecraft:stone_axe":3,"alexsmobs:rainbow_jelly":2,"minecraft:iron_helmet":1,"minecraft:granite":10,"epicsamurai:ruby":8,"minecraft:emerald":14,"minecraft:oak_sapling":5,"minecraft:bricks":1,"minecraft:coal":24,"gobber2:gobber2_goo":4,"minecraft:diamond_pickaxe":4,"armorplus:lava_shard":30}},"DataVersion":3120}