{
  "betterdungeons:root": {
    "criteria": {
      "always": "2024-07-07 19:52:06 +0000"
    },
    "done": true
  },
  "corail_dt:recipes/essence": {
    "criteria": {
      "requirement_1": "2024-07-07 19:52:04 +0000"
    },
    "done": true
  },
  "lootr:root": {
    "criteria": {
      "always_true": "2024-07-07 19:52:06 +0000"
    },
    "done": true
  },
  "byg:root": {
    "criteria": {
      "tick": "2024-07-07 19:52:06 +0000"
    },
    "done": true
  },
  "byg:adventure/oh_the_biomes_youll_go": {
    "criteria": {
      "byg:autumnal_forest": "2024-07-07 19:52:11 +0000"
    },
    "done": false
  },
  "toms_storage:unlock_glowstone": {
    "criteria": {
      "inv_changed-glowstone": "2024-07-07 19:52:04 +0000"
    },
    "done": true
  },
  "minecraft:recipes/misc/mojang_banner_pattern": {
    "criteria": {
      "has_enchanted_golden_apple": "2024-07-07 19:54:05 +0000"
    },
    "done": true
  },
  "morevillagers:root": {
    "criteria": {
      "always": "2024-07-07 19:52:06 +0000"
    },
    "done": true
  },
  "minecraft:adventure/adventuring_time": {
    "criteria": {
      "minecraft:beach": "2024-07-07 19:52:46 +0000"
    },
    "done": false
  },
  "mining_helmet:recipes/mining_helmet": {
    "criteria": {
      "has_lantern": "2024-07-07 19:52:04 +0000",
      "has_iron": "2024-07-07 19:52:04 +0000"
    },
    "done": true
  },
  "mca:root": {
    "criteria": {
      "village_taiga": "2024-07-07 19:52:11 +0000",
      "village_savanna": "2024-07-07 19:52:11 +0000",
      "village_snowy": "2024-07-07 19:52:11 +0000",
      "village_desert": "2024-07-07 19:52:11 +0000",
      "village_plains": "2024-07-07 19:52:11 +0000"
    },
    "done": true
  },
  "betteranimalsplus:bad_fox": {
    "criteria": {
      "no_bam": "2024-07-07 19:52:12 +0000"
    },
    "done": false
  },
  "battletowers:root": {
    "criteria": {
      "Tick": "2024-07-07 19:52:06 +0000"
    },
    "done": true
  },
  "toms_storage:unlock_chest": {
    "criteria": {
      "inv_changed-chest": "2024-07-07 19:52:05 +0000"
    },
    "done": true
  },
  "betterdeserttemples:root": {
    "criteria": {
      "always": "2024-07-07 19:52:06 +0000"
    },
    "done": true
  },
  "toms_storage:unlock_netherite": {
    "criteria": {
      "inv_changed-netherite": "2024-07-07 19:52:04 +0000"
    },
    "done": true
  },
  "iceandfire:iceandfire/root": {
    "criteria": {
      "tick": "2024-07-07 19:52:06 +0000"
    },
    "done": true
  },
  "minecraft:recipes/decorations/chest": {
    "criteria": {
      "has_lots_of_items": "2024-07-07 19:54:15 +0000"
    },
    "done": true
  },
  "toms_storage:unlock_dia_pearl": {
    "criteria": {
      "inv_changed-ender_pearl": "2024-07-07 19:52:04 +0000",
      "inv_changed-diamond": "2024-07-07 19:52:04 +0000"
    },
    "done": true
  },
  "apotheosis:give_book": {
    "criteria": {
      "tick": "2024-07-07 19:52:06 +0000"
    },
    "done": true
  },
  "naturalist:recipes/food/cooked_egg": {
    "criteria": {
      "has_eggs": "2024-07-07 19:52:04 +0000"
    },
    "done": true
  },
  "immersive_armors:recipes/misc/warrior": {
    "criteria": {
      "has_item": "2024-07-07 19:52:09 +0000"
    },
    "done": true
  },
  "corail_dt:tutorial/root": {
    "criteria": {
      "auto": "2024-07-07 19:52:11 +0000"
    },
    "done": true
  },
  "betteranimalsplus:root": {
    "criteria": {
      "tick": "2024-07-07 19:52:06 +0000"
    },
    "done": true
  },
  "whisperwoods:recipes/whisperwoods/hand_of_fate": {
    "criteria": {
      "has_blaze_powder": "2024-07-07 19:52:04 +0000"
    },
    "done": true
  },
  "DataVersion": 3120
}