{
  "securitycraft:recipes/securitycraft/universal_block_remover": {
    "criteria": {
      "has_iron": "2024-07-07 21:03:20 +0000"
    },
    "done": true
  },
  "minecraft:recipes/tools/fishing_rod": {
    "criteria": {
      "has_string": "2024-07-07 21:31:16 +0000"
    },
    "done": true
  },
  "minecraft:recipes/decorations/smoker": {
    "criteria": {
      "has_furnace": "2024-07-07 20:18:49 +0000"
    },
    "done": true
  },
  "minecraft:recipes/food/cooked_mutton_from_campfire_cooking": {
    "criteria": {
      "has_mutton": "2024-07-07 21:29:17 +0000"
    },
    "done": true
  },
  "scalinghealth:recipes/scalinghealth/power_crystal": {
    "criteria": {
      "cobblestone": "2024-07-07 20:17:50 +0000"
    },
    "done": true
  },
  "smallships:recipes/transportation/birch_drakkar": {
    "criteria": {
      "in_water": "2024-07-07 20:06:15 +0000"
    },
    "done": true
  },
  "minecraft:recipes/redstone/lever": {
    "criteria": {
      "has_cobblestone": "2024-07-07 20:17:50 +0000"
    },
    "done": true
  },
  "minecraft:recipes/combat/iron_sword": {
    "criteria": {
      "has_iron_ingot": "2024-07-07 21:03:20 +0000"
    },
    "done": true
  },
  "minecraft:recipes/building_blocks/stone_bricks": {
    "criteria": {
      "has_stone": "2024-07-07 22:03:33 +0000"
    },
    "done": true
  },
  "minecraft:recipes/redstone/spruce_door": {
    "criteria": {
      "has_planks": "2024-07-07 21:20:25 +0000"
    },
    "done": true
  },
  "securitycraft:recipes/securitycraft/sentry": {
    "criteria": {
      "has_iron": "2024-07-07 21:03:20 +0000"
    },
    "done": true
  },
  "minecraft:recipes/building_blocks/chiseled_stone_bricks": {
    "criteria": {
      "has_tag": "2024-07-07 21:20:25 +0000"
    },
    "done": true
  },
  "minecraft:recipes/tools/iron_pickaxe": {
    "criteria": {
      "has_iron_ingot": "2024-07-07 21:03:20 +0000"
    },
    "done": true
  },
  "minecraft:recipes/redstone/spruce_fence_gate": {
    "criteria": {
      "has_planks": "2024-07-07 21:20:25 +0000"
    },
    "done": true
  },
  "minecraft:recipes/combat/leather_helmet": {
    "criteria": {
      "has_leather": "2024-07-07 21:14:49 +0000"
    },
    "done": true
  },
  "minecraft:recipes/decorations/crafting_table": {
    "criteria": {
      "has_planks": "2024-07-07 20:06:36 +0000"
    },
    "done": true
  },
  "minecraft:recipes/building_blocks/magenta_wool": {
    "criteria": {
      "has_white_wool": "2024-07-07 21:29:22 +0000"
    },
    "done": true
  },
  "smallships:recipes/transportation/birch_cog": {
    "criteria": {
      "in_water": "2024-07-07 20:06:15 +0000"
    },
    "done": true
  },
  "sophisticatedbackpacks:recipes/sophisticatedbackpacks/gold_backpack": {
    "criteria": {
      "has_iron_backpack": "2024-07-07 21:55:20 +0000"
    },
    "done": true
  },
  "minecraft:recipes/decorations/blast_furnace": {
    "criteria": {
      "has_smooth_stone": "2024-07-08 01:39:01 +0000"
    },
    "done": true
  },
  "iceandfire:iceandfire/root": {
    "criteria": {
      "tick": "2024-07-07 19:52:06 +0000"
    },
    "done": true
  },
  "minecraft:recipes/decorations/ladder": {
    "criteria": {
      "has_stick": "2024-07-07 20:08:21 +0000"
    },
    "done": true
  },
  "minecraft:recipes/building_blocks/dark_oak_slab": {
    "criteria": {
      "has_planks": "2024-07-07 20:07:31 +0000"
    },
    "done": true
  },
  "minecraft:recipes/decorations/chest": {
    "criteria": {
      "has_lots_of_items": "2024-07-07 19:54:15 +0000"
    },
    "done": true
  },
  "minecraft:recipes/combat/golden_sword": {
    "criteria": {
      "has_gold_ingot": "2024-07-07 21:03:17 +0000"
    },
    "done": true
  },
  "armorplus:recipes/armorplus.items/crafting/shaped/guardian/guardian_bow_base": {
    "criteria": {
      "has_req": "2024-07-07 21:31:16 +0000"
    },
    "done": true
  },
  "minecraft:story/shiny_gear": {
    "criteria": {
      "diamond_chestplate": "2024-07-07 22:19:48 +0000"
    },
    "done": true
  },
  "securitycraft:recipes/securitycraft/reinforced_redstone_lamp": {
    "criteria": {
      "has_redstone": "2024-07-07 22:48:36 +0000"
    },
    "done": true
  },
  "minecraft:recipes/building_blocks/chiseled_stone_bricks_stone_from_stonecutting": {
    "criteria": {
      "has_stone": "2024-07-07 22:03:33 +0000"
    },
    "done": true
  },
  "minecraft:recipes/transportation/mangrove_boat": {
    "criteria": {
      "in_water": "2024-07-07 20:06:15 +0000"
    },
    "done": true
  },
  "minecraft:recipes/redstone/spruce_button": {
    "criteria": {
      "has_planks": "2024-07-07 21:20:25 +0000"
    },
    "done": true
  },
  "minecraft:recipes/tools/wooden_shovel": {
    "criteria": {
      "has_stick": "2024-07-07 20:08:21 +0000"
    },
    "done": true
  },
  "minecraft:recipes/decorations/torch": {
    "criteria": {
      "has_stone_pickaxe": "2024-07-07 20:18:34 +0000"
    },
    "done": true
  },
  "minecraft:recipes/redstone/dark_oak_button": {
    "criteria": {
      "has_planks": "2024-07-07 20:07:31 +0000"
    },
    "done": true
  },
  "minecraft:recipes/tools/shears": {
    "criteria": {
      "has_iron_ingot": "2024-07-07 21:03:20 +0000"
    },
    "done": true
  },
  "minecraft:recipes/misc/stick": {
    "criteria": {
      "has_planks": "2024-07-07 20:06:36 +0000"
    },
    "done": true
  },
  "armorplus:recipes/armorplus.blocks/crafting/shaped/bricks/purple_stone_brick": {
    "criteria": {
      "has_req": "2024-07-07 21:20:25 +0000"
    },
    "done": true
  },
  "sophisticatedbackpacks:recipes/sophisticatedbackpacks/smelting_upgrade": {
    "criteria": {
      "has_upgrade_base": "2024-07-07 22:17:52 +0000"
    },
    "done": true
  },
  "smallships:recipes/transportation/acacia_galley": {
    "criteria": {
      "in_water": "2024-07-07 20:06:15 +0000"
    },
    "done": true
  },
  "minecraft:recipes/building_blocks/stone_brick_slab_from_stone_stonecutting": {
    "criteria": {
      "has_stone": "2024-07-07 22:03:33 +0000"
    },
    "done": true
  },
  "minecraft:recipes/building_blocks/mossy_cobblestone_slab_from_mossy_cobblestone_stonecutting": {
    "criteria": {
      "has_mossy_cobblestone": "2024-07-08 01:40:06 +0000"
    },
    "done": true
  },
  "lootr:1chest": {
    "criteria": {
      "opened_chest": "2024-07-07 21:03:13 +0000"
    },
    "done": true
  },
  "minecraft:recipes/redstone/dispenser": {
    "criteria": {
      "has_bow": "2024-07-07 21:46:02 +0000"
    },
    "done": true
  },
  "armorplus:recipes/armorplus.items/crafting/shapeless/wooden_rod_adv": {
    "criteria": {
      "has_req": "2024-07-07 20:08:21 +0000"
    },
    "done": true
  },
  "securitycraft:recipes/securitycraft/electrified_iron_fence": {
    "criteria": {
      "has_iron": "2024-07-07 21:03:20 +0000"
    },
    "done": true
  },
  "minecraft:recipes/building_blocks/emerald_block": {
    "criteria": {
      "has_emerald": "2024-07-07 21:13:23 +0000"
    },
    "done": true
  },
  "minecraft:recipes/building_blocks/dark_oak_planks": {
    "criteria": {
      "has_log": "2024-07-07 20:07:06 +0000"
    },
    "done": true
  },
  "minecraft:recipes/combat/iron_leggings": {
    "criteria": {
      "has_iron_ingot": "2024-07-07 21:03:20 +0000"
    },
    "done": true
  },
  "securitycraft:recipes/securitycraft/display_case": {
    "criteria": {
      "has_item_frame": "2024-07-07 21:19:55 +0000"
    },
    "done": true
  },
  "handcrafted:recipes/misc/stone_pillar_trim": {
    "criteria": {
      "has_pillar_trim": "2024-07-07 22:03:33 +0000"
    },
    "done": true
  },
  "minecraft:recipes/redstone/dark_oak_door": {
    "criteria": {
      "has_planks": "2024-07-07 20:07:31 +0000"
    },
    "done": true
  },
  "minecraft:recipes/building_blocks/nether_wart_block": {
    "criteria": {
      "has_nether_wart": "2024-07-07 22:23:40 +0000"
    },
    "done": true
  },
  "apollyon:apollyon": {
    "criteria": {
      "apollyon": "2024-07-07 20:11:35 +0000"
    },
    "done": true
  },
  "minecraft:recipes/combat/shield": {
    "criteria": {
      "has_iron_ingot": "2024-07-07 21:03:20 +0000"
    },
    "done": true
  },
  "minecraft:recipes/building_blocks/cobblestone_slab": {
    "criteria": {
      "has_cobblestone": "2024-07-07 20:17:50 +0000"
    },
    "done": true
  },
  "minecraft:recipes/redstone/hopper": {
    "criteria": {
      "has_iron_ingot": "2024-07-07 21:03:20 +0000"
    },
    "done": true
  },
  "minecraft:recipes/building_blocks/deepslate_tiles_from_polished_deepslate_stonecutting": {
    "criteria": {
      "has_polished_deepslate": "2024-07-07 21:57:42 +0000"
    },
    "done": true
  },
  "ironchest:recipes/ironchest/chests/diamond_obsidian_chest": {
    "criteria": {
      "has_obsidian": "2024-07-08 01:46:34 +0000"
    },
    "done": true
  },
  "minecraft:recipes/building_blocks/deepslate_brick_slab_from_polished_deepslate_stonecutting": {
    "criteria": {
      "has_polished_deepslate": "2024-07-07 21:57:42 +0000"
    },
    "done": true
  },
  "securitycraft:recipes/securitycraft/taser": {
    "criteria": {
      "has_redstone": "2024-07-07 22:48:36 +0000"
    },
    "done": true
  },
  "minecraft:recipes/building_blocks/mossy_cobblestone_stairs_from_mossy_cobblestone_stonecutting": {
    "criteria": {
      "has_mossy_cobblestone": "2024-07-08 01:40:06 +0000"
    },
    "done": true
  },
  "naturalist:recipes/food/cooked_egg": {
    "criteria": {
      "has_eggs": "2024-07-07 19:52:04 +0000"
    },
    "done": true
  },
  "dungeons_enhanced:ambitious_explorer": {
    "criteria": {
      "entered_large_dungeon": "2024-07-08 01:40:09 +0000",
      "entered_watch_tower": "2024-07-07 21:44:57 +0000",
      "entered_ruined_building": "2024-07-08 01:56:27 +0000"
    },
    "done": false
  },
  "corail_dt:tutorial/build_dt": {
    "criteria": {
      "requirement": "2024-07-07 21:22:56 +0000"
    },
    "done": true
  },
  "minecraft:recipes/combat/leather_leggings": {
    "criteria": {
      "has_leather": "2024-07-07 21:14:49 +0000"
    },
    "done": true
  },
  "securitycraft:recipes/securitycraft/security_camera": {
    "criteria": {
      "has_iron": "2024-07-07 21:03:20 +0000"
    },
    "done": true
  },
  "sophisticatedbackpacks:recipes/sophisticatedbackpacks/blasting_upgrade": {
    "criteria": {
      "has_upgrade_base": "2024-07-07 22:17:52 +0000"
    },
    "done": true
  },
  "armorplus:recipes/armorplus.blocks/crafting/shaped/bricks/black_stone_brick": {
    "criteria": {
      "has_req": "2024-07-07 21:20:25 +0000"
    },
    "done": true
  },
  "minecraft:recipes/redstone/lectern": {
    "criteria": {
      "has_book": "2024-07-07 21:20:25 +0000"
    },
    "done": true
  },
  "securitycraft:recipes/securitycraft/door_indestructible_iron_item": {
    "criteria": {
      "has_iron": "2024-07-07 21:03:20 +0000"
    },
    "done": true
  },
  "minecraft:recipes/building_blocks/stone_stairs_from_stone_stonecutting": {
    "criteria": {
      "has_stone": "2024-07-07 22:03:33 +0000"
    },
    "done": true
  },
  "minecraft:recipes/decorations/magenta_bed_from_white_bed": {
    "criteria": {
      "has_bed": "2024-07-07 21:46:51 +0000"
    },
    "done": true
  },
  "minecraft:recipes/decorations/iron_bars": {
    "criteria": {
      "has_iron_ingot": "2024-07-07 21:03:20 +0000"
    },
    "done": true
  },
  "smallships:recipes/transportation/oak_brigg": {
    "criteria": {
      "in_water": "2024-07-07 20:06:15 +0000"
    },
    "done": true
  },
  "minecraft:recipes/building_blocks/gold_block": {
    "criteria": {
      "has_gold_ingot": "2024-07-07 21:03:17 +0000"
    },
    "done": true
  },
  "minecraft:recipes/building_blocks/blue_wool": {
    "criteria": {
      "has_white_wool": "2024-07-07 21:29:22 +0000"
    },
    "done": true
  },
  "smallships:recipes/transportation/birch_galley": {
    "criteria": {
      "in_water": "2024-07-07 20:06:15 +0000"
    },
    "done": true
  },
  "minecraft:story/obtain_armor": {
    "criteria": {
      "iron_chestplate": "2024-07-07 21:45:58 +0000"
    },
    "done": true
  },
  "sophisticatedbackpacks:recipes/sophisticatedbackpacks/chipped/carpenter_workbench_upgrade": {
    "criteria": {
      "has_upgrade_base": "2024-07-07 22:17:52 +0000"
    },
    "done": true
  },
  "securitycraft:recipes/securitycraft/portable_radar": {
    "criteria": {
      "has_redstone": "2024-07-07 22:48:36 +0000"
    },
    "done": true
  },
  "morevillagers:root": {
    "criteria": {
      "always": "2024-07-07 19:52:06 +0000"
    },
    "done": true
  },
  "minecraft:recipes/brewing/cauldron": {
    "criteria": {
      "has_water_bucket": "2024-07-07 21:56:46 +0000"
    },
    "done": true
  },
  "armorplus:recipes/armorplus.weapons/crafting/shaped/infused_lava/infused_lava_bow_alt": {
    "criteria": {
      "has_req": "2024-07-07 21:31:16 +0000"
    },
    "done": true
  },
  "handcrafted:recipes/misc/stone_corner_trim": {
    "criteria": {
      "has_corner_trim": "2024-07-07 22:03:33 +0000"
    },
    "done": true
  },
  "minecraft:recipes/combat/diamond_leggings": {
    "criteria": {
      "has_diamond": "2024-07-07 22:09:11 +0000"
    },
    "done": true
  },
  "minecraft:recipes/decorations/armor_stand": {
    "criteria": {
      "has_stone_slab": "2024-07-07 22:28:15 +0000"
    },
    "done": true
  },
  "minecraft:adventure/sleep_in_bed": {
    "criteria": {
      "slept_in_bed": "2024-07-07 21:46:54 +0000"
    },
    "done": true
  },
  "armorplus:recipes/armorplus.items/crafting/shaped/enhanced/en_gold": {
    "criteria": {
      "has_req": "2024-07-07 21:03:17 +0000"
    },
    "done": true
  },
  "minecraft:recipes/building_blocks/cobblestone_slab_from_cobblestone_stonecutting": {
    "criteria": {
      "has_cobblestone": "2024-07-07 20:17:50 +0000"
    },
    "done": true
  },
  "shieldexp:recipes/iron_shield": {
    "criteria": {
      "has_iron_ingot": "2024-07-07 21:03:20 +0000"
    },
    "done": true
  },
  "minecraft:recipes/building_blocks/oak_stairs": {
    "criteria": {
      "has_planks": "2024-07-07 20:06:36 +0000"
    },
    "done": true
  },
  "ironchest:recipes/ironchest/chests/copper_iron_chest": {
    "criteria": {
      "has_item": "2024-07-07 21:03:20 +0000"
    },
    "done": true
  },
  "minecraft:recipes/transportation/acacia_boat": {
    "criteria": {
      "in_water": "2024-07-07 20:06:15 +0000"
    },
    "done": true
  },
  "dungeons_enhanced:thats_a_dungeon": {
    "criteria": {
      "entered_large_dungeon": "2024-07-08 01:40:09 +0000"
    },
    "done": true
  },
  "minecraft:recipes/redstone/iron_trapdoor": {
    "criteria": {
      "has_iron_ingot": "2024-07-07 21:03:20 +0000"
    },
    "done": true
  },
  "corail_dt:tutorial/root": {
    "criteria": {
      "auto": "2024-07-07 19:52:11 +0000"
    },
    "done": true
  },
  "minecraft:recipes/decorations/birch_sign": {
    "criteria": {
      "has_planks": "2024-07-07 20:10:10 +0000"
    },
    "done": true
  },
  "armorplus:recipes/armorplus.weapons/crafting/shaped/lapis/lapis_battle_axe": {
    "criteria": {
      "has_req": "2024-07-07 20:08:21 +0000"
    },
    "done": true
  },
  "minecraft:adventure/root": {
    "criteria": {
      "killed_something": "2024-07-07 20:09:55 +0000"
    },
    "done": true
  },
  "sophisticatedbackpacks:recipes/sophisticatedbackpacks/void_upgrade": {
    "criteria": {
      "has_upgrade_base": "2024-07-07 22:17:52 +0000"
    },
    "done": true
  },
  "minecraft:recipes/decorations/black_bed": {
    "criteria": {
      "has_black_wool": "2024-07-07 21:29:17 +0000"
    },
    "done": true
  },
  "armorplus:recipes/armorplus.weapons/crafting/shaped/obsidian/obsidian_bow": {
    "criteria": {
      "has_req": "2024-07-07 21:31:16 +0000"
    },
    "done": true
  },
  "securitycraft:recipes/securitycraft/storage_module": {
    "criteria": {
      "has_iron": "2024-07-07 21:03:20 +0000"
    },
    "done": true
  },
  "lootr:social": {
    "criteria": {
      "opened_barrel": "2024-07-07 21:45:45 +0000",
      "opened_chest": "2024-07-07 21:03:13 +0000"
    },
    "done": false
  },
  "minecraft:recipes/decorations/gray_bed_from_white_bed": {
    "criteria": {
      "has_bed": "2024-07-07 21:46:51 +0000"
    },
    "done": true
  },
  "sophisticatedbackpacks:recipes/sophisticatedbackpacks/chipped/mason_workbench_upgrade": {
    "criteria": {
      "has_upgrade_base": "2024-07-07 22:17:52 +0000"
    },
    "done": true
  },
  "minecraft:recipes/decorations/jungle_fence": {
    "criteria": {
      "has_planks": "2024-07-07 20:06:47 +0000"
    },
    "done": true
  },
  "minecraft:recipes/decorations/polished_deepslate_wall": {
    "criteria": {
      "has_polished_deepslate": "2024-07-07 21:57:42 +0000"
    },
    "done": true
  },
  "minecraft:recipes/building_blocks/stone_brick_stairs_from_stone_stonecutting": {
    "criteria": {
      "has_stone": "2024-07-07 22:03:33 +0000"
    },
    "done": true
  },
  "shieldexp:recipes/wooden_shield": {
    "criteria": {
      "has_stick": "2024-07-07 20:08:21 +0000"
    },
    "done": true
  },
  "minecraft:recipes/building_blocks/white_wool_from_string": {
    "criteria": {
      "has_string": "2024-07-07 21:31:16 +0000"
    },
    "done": true
  },
  "minecraft:recipes/tools/diamond_pickaxe": {
    "criteria": {
      "has_diamond": "2024-07-07 22:09:11 +0000"
    },
    "done": true
  },
  "sophisticatedbackpacks:recipes/sophisticatedbackpacks/chipped/shepherd_workbench_upgrade": {
    "criteria": {
      "has_upgrade_base": "2024-07-07 22:17:52 +0000"
    },
    "done": true
  },
  "minecraft:adventure/kill_all_mobs": {
    "criteria": {
      "minecraft:pillager": "2024-07-07 20:23:58 +0000",
      "minecraft:skeleton": "2024-07-07 20:19:18 +0000",
      "minecraft:vindicator": "2024-07-07 20:24:59 +0000",
      "minecraft:spider": "2024-07-07 21:42:00 +0000",
      "minecraft:enderman": "2024-07-07 21:27:24 +0000",
      "minecraft:zombie": "2024-07-07 20:21:15 +0000",
      "minecraft:drowned": "2024-07-07 21:06:36 +0000"
    },
    "done": false
  },
  "armorplus:recipes/armorplus.items/crafting/shaped/enhanced/en_iron": {
    "criteria": {
      "has_req": "2024-07-07 21:03:20 +0000"
    },
    "done": true
  },
  "corail_dt:recipes/corail_dt/dt_w": {
    "criteria": {
      "requirement0": "2024-07-07 21:22:57 +0000"
    },
    "done": true
  },
  "minecraft:recipes/building_blocks/birch_wood": {
    "criteria": {
      "has_log": "2024-07-07 20:10:06 +0000"
    },
    "done": true
  },
  "minecraft:recipes/redstone/redstone_block": {
    "criteria": {
      "has_redstone": "2024-07-07 22:48:36 +0000"
    },
    "done": true
  },
  "minecraft:recipes/food/cooked_beef_from_smoking": {
    "criteria": {
      "has_beef": "2024-07-07 21:14:54 +0000"
    },
    "done": true
  },
  "minecraft:recipes/decorations/stone_brick_wall": {
    "criteria": {
      "has_stone_bricks": "2024-07-07 21:20:25 +0000"
    },
    "done": true
  },
  "minecraft:recipes/decorations/fletching_table": {
    "criteria": {
      "has_flint": "2024-07-07 22:10:18 +0000"
    },
    "done": true
  },
  "smallships:recipes/transportation/spruce_brigg": {
    "criteria": {
      "in_water": "2024-07-07 20:06:15 +0000"
    },
    "done": true
  },
  "simplefarming:root": {
    "criteria": {
      "pickup_seed": "2024-07-07 21:34:57 +0000"
    },
    "done": true
  },
  "minecraft:recipes/decorations/pink_bed_from_white_bed": {
    "criteria": {
      "has_bed": "2024-07-07 21:46:51 +0000"
    },
    "done": true
  },
  "apotheosis:affix/rare_gem": {
    "criteria": {
      "gem": "2024-07-07 21:35:39 +0000"
    },
    "done": true
  },
  "minecraft:recipes/redstone/dark_oak_fence_gate": {
    "criteria": {
      "has_planks": "2024-07-07 20:07:31 +0000"
    },
    "done": true
  },
  "minecraft:recipes/misc/iron_nugget_from_smelting": {
    "criteria": {
      "has_iron_pickaxe": "2024-07-07 21:38:53 +0000"
    },
    "done": true
  },
  "armorplus:recipes/armorplus.items/crafting/shaped/enhanced/en_diamond": {
    "criteria": {
      "has_req": "2024-07-07 22:09:11 +0000"
    },
    "done": true
  },
  "minecraft:recipes/food/cooked_mutton_from_smoking": {
    "criteria": {
      "has_mutton": "2024-07-07 21:29:17 +0000"
    },
    "done": true
  },
  "mca:recipes/misc/family_tree": {
    "criteria": {
      "has_item": "2024-07-07 20:08:21 +0000"
    },
    "done": true
  },
  "minecraft:recipes/building_blocks/deepslate_bricks": {
    "criteria": {
      "has_polished_deepslate": "2024-07-07 21:57:42 +0000"
    },
    "done": true
  },
  "mca:root": {
    "criteria": {
      "village_taiga": "2024-07-07 19:52:11 +0000",
      "village_savanna": "2024-07-07 19:52:11 +0000",
      "village_snowy": "2024-07-07 19:52:11 +0000",
      "village_desert": "2024-07-07 19:52:11 +0000",
      "village_plains": "2024-07-07 19:52:11 +0000"
    },
    "done": true
  },
  "minecraft:adventure/voluntary_exile": {
    "criteria": {
      "voluntary_exile": "2024-07-08 01:53:06 +0000"
    },
    "done": true
  },
  "corail_dt:recipes/corail_dt/dt": {
    "criteria": {
      "requirement0": "2024-07-07 20:15:58 +0000"
    },
    "done": true
  },
  "armorplus:recipes/armorplus.items/crafting/shaped/ender_dragon/ender_dragon_bow_base": {
    "criteria": {
      "has_req": "2024-07-07 21:31:16 +0000"
    },
    "done": true
  },
  "minecraft:recipes/decorations/chain": {
    "criteria": {
      "has_iron_ingot": "2024-07-07 21:03:20 +0000"
    },
    "done": true
  },
  "armorplus:recipes/armorplus.weapons/crafting/shaped/lapis/lapis_bow": {
    "criteria": {
      "has_req": "2024-07-07 21:31:16 +0000"
    },
    "done": true
  },
  "minecraft:recipes/decorations/oak_fence": {
    "criteria": {
      "has_planks": "2024-07-07 20:06:36 +0000"
    },
    "done": true
  },
  "smallships:recipes/transportation/spruce_cog": {
    "criteria": {
      "in_water": "2024-07-07 20:06:15 +0000"
    },
    "done": true
  },
  "armorplus:recipes/armorplus.weapons/crafting/shaped/emerald/emerald_bow_alt": {
    "criteria": {
      "has_req": "2024-07-07 21:31:16 +0000"
    },
    "done": true
  },
  "securitycraft:recipes/securitycraft/universal_block_modifier": {
    "criteria": {
      "has_redstone": "2024-07-07 22:48:36 +0000"
    },
    "done": true
  },
  "armorplus:recipes/armorplus.weapons/crafting/shaped/redstone/redstone_arrow": {
    "criteria": {
      "has_req": "2024-07-07 22:48:36 +0000"
    },
    "done": true
  },
  "smallships:recipes/transportation/mangrove_drakkar": {
    "criteria": {
      "in_water": "2024-07-07 20:06:15 +0000"
    },
    "done": true
  },
  "minecraft:recipes/misc/gold_ingot_from_gold_block": {
    "criteria": {
      "has_gold_block": "2024-07-07 22:18:57 +0000"
    },
    "done": true
  },
  "whisperwoods:recipes/whisperwoods/hand_of_fate": {
    "criteria": {
      "has_blaze_powder": "2024-07-07 19:52:04 +0000"
    },
    "done": true
  },
  "minecraft:recipes/food/cooked_porkchop": {
    "criteria": {
      "has_porkchop": "2024-07-07 21:11:26 +0000"
    },
    "done": true
  },
  "minecraft:recipes/building_blocks/oak_slab": {
    "criteria": {
      "has_planks": "2024-07-07 20:06:36 +0000"
    },
    "done": true
  },
  "sophisticatedbackpacks:recipes/sophisticatedbackpacks/everlasting_upgrade": {
    "criteria": {
      "has_upgrade_base": "2024-07-07 22:17:52 +0000"
    },
    "done": true
  },
  "mca:recipes/building_blocks/headstones": {
    "criteria": {
      "has_ingredients": "2024-07-07 20:17:50 +0000"
    },
    "done": true
  },
  "handcrafted:recipes/misc/golden_wide_pot": {
    "criteria": {
      "has_gold_block": "2024-07-07 22:18:57 +0000"
    },
    "done": true
  },
  "minecraft:recipes/food/cooked_porkchop_from_campfire_cooking": {
    "criteria": {
      "has_porkchop": "2024-07-07 21:11:26 +0000"
    },
    "done": true
  },
  "minecraft:recipes/decorations/cyan_glazed_terracotta": {
    "criteria": {
      "has_cyan_terracotta": "2024-07-07 22:35:35 +0000"
    },
    "done": true
  },
  "minecraft:recipes/redstone/jungle_pressure_plate": {
    "criteria": {
      "has_planks": "2024-07-07 20:06:47 +0000"
    },
    "done": true
  },
  "armorplus:recipes/armorplus.items/crafting/shaped/ender_dragon/ender_dragon_bow_base_alt": {
    "criteria": {
      "has_req": "2024-07-07 21:31:16 +0000"
    },
    "done": true
  },
  "minecraft:recipes/building_blocks/black_wool": {
    "criteria": {
      "has_white_wool": "2024-07-07 21:29:22 +0000"
    },
    "done": true
  },
  "smallships:recipes/transportation/acacia_cog": {
    "criteria": {
      "in_water": "2024-07-07 20:06:15 +0000"
    },
    "done": true
  },
  "minecraft:recipes/combat/golden_chestplate": {
    "criteria": {
      "has_gold_ingot": "2024-07-07 21:03:17 +0000"
    },
    "done": true
  },
  "dungeons_enhanced:root": {
    "criteria": {
      "entered_watch_tower": "2024-07-07 21:44:57 +0000"
    },
    "done": true
  },
  "minecraft:recipes/decorations/polished_deepslate_wall_from_polished_deepslate_stonecutting": {
    "criteria": {
      "has_polished_deepslate": "2024-07-07 21:57:42 +0000"
    },
    "done": true
  },
  "sophisticatedbackpacks:recipes/sophisticatedbackpacks/iron_backpack": {
    "criteria": {
      "has_backpack": "2024-07-07 21:31:37 +0000"
    },
    "done": true
  },
  "minecraft:recipes/redstone/slime_block": {
    "criteria": {
      "has_slime_ball": "2024-07-07 21:36:20 +0000"
    },
    "done": true
  },
  "securitycraft:recipes/securitycraft/universal_key_changer": {
    "criteria": {
      "has_redstone": "2024-07-07 22:48:36 +0000"
    },
    "done": true
  },
  "battletowers:root": {
    "criteria": {
      "Tick": "2024-07-07 19:52:06 +0000"
    },
    "done": true
  },
  "toms_storage:unlock_netherite": {
    "criteria": {
      "inv_changed-netherite": "2024-07-07 19:52:04 +0000"
    },
    "done": true
  },
  "smallships:recipes/transportation/oak_cog": {
    "criteria": {
      "in_water": "2024-07-07 20:06:15 +0000"
    },
    "done": true
  },
  "minecraft:recipes/redstone/birch_button": {
    "criteria": {
      "has_planks": "2024-07-07 20:10:10 +0000"
    },
    "done": true
  },
  "minecraft:recipes/building_blocks/iron_block": {
    "criteria": {
      "has_iron_ingot": "2024-07-07 21:03:20 +0000"
    },
    "done": true
  },
  "morevillagers:recipes/blueprint_table": {
    "criteria": {
      "has_paper": "2024-07-07 21:45:13 +0000"
    },
    "done": true
  },
  "rottencreatures:recipes/rottencreatures.rottencreatures/corrupted_wart": {
    "criteria": {
      "has_nether_wart": "2024-07-07 22:23:40 +0000"
    },
    "done": true
  },
  "armorplus:recipes/armorplus.blocks/crafting/shaped/bricks/red_stone_brick": {
    "criteria": {
      "has_req": "2024-07-07 21:20:25 +0000"
    },
    "done": true
  },
  "handcrafted:recipes/misc/stackable_book": {
    "criteria": {
      "has_book": "2024-07-07 21:20:25 +0000"
    },
    "done": true
  },
  "armorplus:recipes/armorplus.weapons/crafting/shaped/infused_lava/infused_lava_bow": {
    "criteria": {
      "has_req": "2024-07-07 21:31:16 +0000"
    },
    "done": true
  },
  "securitycraft:recipes/securitycraft/username_logger": {
    "criteria": {
      "has_redstone": "2024-07-07 22:48:36 +0000"
    },
    "done": true
  },
  "armorplus:recipes/armorplus.armors/crafting/shaped/coal/coal_boots_alt": {
    "criteria": {
      "has_req": "2024-07-07 22:10:21 +0000"
    },
    "done": true
  },
  "armorplus:recipes/armorplus.weapons/crafting/shaped/coal/coal_battle_axe": {
    "criteria": {
      "has_req": "2024-07-07 20:08:21 +0000"
    },
    "done": true
  },
  "armorplus:recipes/armorplus.weapons/crafting/shaped/obsidian/obsidian_pickaxe": {
    "criteria": {
      "has_req": "2024-07-07 20:08:21 +0000"
    },
    "done": true
  },
  "minecraft:recipes/building_blocks/light_blue_wool": {
    "criteria": {
      "has_white_wool": "2024-07-07 21:29:22 +0000"
    },
    "done": true
  },
  "minecraft:recipes/combat/wooden_sword": {
    "criteria": {
      "has_stick": "2024-07-07 20:08:21 +0000"
    },
    "done": true
  },
  "minecraft:recipes/building_blocks/oak_planks": {
    "criteria": {
      "has_logs": "2024-07-07 20:08:36 +0000"
    },
    "done": true
  },
  "scalinghealth:recipes/scalinghealth/bandages": {
    "criteria": {
      "cobblestone": "2024-07-07 20:17:50 +0000"
    },
    "done": true
  },
  "securitycraft:recipes/securitycraft/cage_trap": {
    "criteria": {
      "has_redstone": "2024-07-07 22:48:36 +0000"
    },
    "done": true
  },
  "immersive_armors:recipes/misc/bone": {
    "criteria": {
      "has_item": "2024-07-07 20:19:24 +0000"
    },
    "done": true
  },
  "securitycraft:recipes/securitycraft/smart_module": {
    "criteria": {
      "has_iron": "2024-07-07 21:03:20 +0000"
    },
    "done": true
  },
  "minecraft:recipes/building_blocks/bookshelf": {
    "criteria": {
      "has_book": "2024-07-07 21:20:25 +0000"
    },
    "done": true
  },
  "minecraft:recipes/tools/golden_axe": {
    "criteria": {
      "has_gold_ingot": "2024-07-07 21:03:17 +0000"
    },
    "done": true
  },
  "morevillagers:recipes/hunting_post": {
    "criteria": {
      "has_arrow": "2024-07-07 20:24:27 +0000"
    },
    "done": true
  },
  "securitycraft:recipes/securitycraft/block_change_detector": {
    "criteria": {
      "has_iron": "2024-07-07 21:03:20 +0000"
    },
    "done": true
  },
  "minecraft:recipes/tools/iron_axe": {
    "criteria": {
      "has_iron_ingot": "2024-07-07 21:03:20 +0000"
    },
    "done": true
  },
  "minecraft:recipes/building_blocks/deepslate_bricks_from_polished_deepslate_stonecutting": {
    "criteria": {
      "has_polished_deepslate": "2024-07-07 21:57:42 +0000"
    },
    "done": true
  },
  "mca:recipes/misc/comb": {
    "criteria": {
      "has_item": "2024-07-07 21:03:20 +0000"
    },
    "done": true
  },
  "minecraft:recipes/decorations/black_banner": {
    "criteria": {
      "has_black_wool": "2024-07-07 21:29:17 +0000"
    },
    "done": true
  },
  "minecraft:recipes/redstone/tripwire_hook": {
    "criteria": {
      "has_string": "2024-07-07 21:31:16 +0000"
    },
    "done": true
  },
  "minecraft:recipes/misc/black_dye_from_wither_rose": {
    "criteria": {
      "has_wither_rose": "2024-07-07 21:35:14 +0000"
    },
    "done": true
  },
  "sophisticatedbackpacks:recipes/sophisticatedbackpacks/stack_upgrade_tier_2": {
    "criteria": {
      "has_upgrade_base": "2024-07-07 22:18:52 +0000"
    },
    "done": true
  },
  "minecraft:recipes/combat/iron_boots": {
    "criteria": {
      "has_iron_ingot": "2024-07-07 21:03:20 +0000"
    },
    "done": true
  },
  "sophisticatedbackpacks:recipes/sophisticatedbackpacks/stack_upgrade_tier_3": {
    "criteria": {
      "has_upgrade_base": "2024-07-07 22:31:35 +0000"
    },
    "done": true
  },
  "minecraft:recipes/misc/bone_meal": {
    "criteria": {
      "has_bone": "2024-07-07 20:19:24 +0000"
    },
    "done": true
  },
  "minecraft:recipes/building_blocks/birch_planks": {
    "criteria": {
      "has_logs": "2024-07-07 20:10:06 +0000"
    },
    "done": true
  },
  "sophisticatedbackpacks:recipes/sophisticatedbackpacks/stack_upgrade_tier_1": {
    "criteria": {
      "has_upgrade_base": "2024-07-07 22:17:52 +0000"
    },
    "done": true
  },
  "corail_dt:recipes/corail_dt/hopper_null": {
    "criteria": {
      "requirement0": "2024-07-07 21:03:20 +0000"
    },
    "done": true
  },
  "mca:recipes/misc/bouquet": {
    "criteria": {
      "has_item": "2024-07-07 21:35:14 +0000"
    },
    "done": true
  },
  "minecraft:story/iron_tools": {
    "criteria": {
      "iron_pickaxe": "2024-07-07 21:38:53 +0000"
    },
    "done": true
  },
  "armorplus:recipes/armorplus.weapons/crafting/shaped/coal/coal_bow": {
    "criteria": {
      "has_req": "2024-07-07 21:31:16 +0000"
    },
    "done": true
  },
  "minecraft:recipes/decorations/cartography_table": {
    "criteria": {
      "has_paper": "2024-07-07 21:45:13 +0000"
    },
    "done": true
  },
  "minecraft:recipes/redstone/birch_fence_gate": {
    "criteria": {
      "has_planks": "2024-07-07 20:10:10 +0000"
    },
    "done": true
  },
  "minecraft:recipes/redstone/stone_button": {
    "criteria": {
      "has_stone": "2024-07-07 22:03:33 +0000"
    },
    "done": true
  },
  "minecraft:recipes/combat/crossbow": {
    "criteria": {
      "has_stick": "2024-07-07 20:08:21 +0000"
    },
    "done": true
  },
  "minecraft:recipes/combat/iron_chestplate": {
    "criteria": {
      "has_iron_ingot": "2024-07-07 21:03:20 +0000"
    },
    "done": true
  },
  "sophisticatedbackpacks:recipes/sophisticatedbackpacks/upgrade_base": {
    "criteria": {
      "has_leather": "2024-07-07 21:14:49 +0000"
    },
    "done": true
  },
  "minecraft:recipes/redstone/spruce_pressure_plate": {
    "criteria": {
      "has_planks": "2024-07-07 21:20:25 +0000"
    },
    "done": true
  },
  "minecraft:recipes/building_blocks/yellow_wool": {
    "criteria": {
      "has_white_wool": "2024-07-07 21:29:22 +0000"
    },
    "done": true
  },
  "minecraft:recipes/redstone/dark_oak_trapdoor": {
    "criteria": {
      "has_planks": "2024-07-07 20:07:31 +0000"
    },
    "done": true
  },
  "minecraft:recipes/misc/leather_from_strips": {
    "criteria": {
      "requirement0": "2024-07-07 21:23:17 +0000"
    },
    "done": true
  },
  "armorplus:recipes/armorplus.weapons/crafting/shaped/emerald/emerald_bow": {
    "criteria": {
      "has_req": "2024-07-07 21:31:16 +0000"
    },
    "done": true
  },
  "minecraft:recipes/decorations/oak_sign": {
    "criteria": {
      "has_planks": "2024-07-07 20:06:36 +0000"
    },
    "done": true
  },
  "minecraft:recipes/food/cooked_porkchop_from_smoking": {
    "criteria": {
      "has_porkchop": "2024-07-07 21:11:26 +0000"
    },
    "done": true
  },
  "minecraft:recipes/redstone/oak_trapdoor": {
    "criteria": {
      "has_planks": "2024-07-07 20:06:36 +0000"
    },
    "done": true
  },
  "scalinghealth:recipes/scalinghealth/heart_dust": {
    "criteria": {
      "cobblestone": "2024-07-07 20:17:50 +0000"
    },
    "done": true
  },
  "minecraft:recipes/decorations/light_blue_bed_from_white_bed": {
    "criteria": {
      "has_bed": "2024-07-07 21:46:51 +0000"
    },
    "done": true
  },
  "securitycraft:recipes/securitycraft/portable_tune_player": {
    "criteria": {
      "has_redstone": "2024-07-07 22:48:36 +0000"
    },
    "done": true
  },
  "minecraft:recipes/misc/iron_nugget_from_blasting": {
    "criteria": {
      "has_iron_pickaxe": "2024-07-07 21:38:53 +0000"
    },
    "done": true
  },
  "betterdungeons:root": {
    "criteria": {
      "always": "2024-07-07 19:52:06 +0000"
    },
    "done": true
  },
  "sophisticatedbackpacks:recipes/sophisticatedbackpacks/backpack": {
    "criteria": {
      "has_leather": "2024-07-07 21:14:49 +0000"
    },
    "done": true
  },
  "securitycraft:recipes/securitycraft/reinforced_diorite": {
    "criteria": {
      "has_cobblestone": "2024-07-07 20:17:50 +0000"
    },
    "done": true
  },
  "securitycraft:recipes/securitycraft/trophy_system": {
    "criteria": {
      "has_iron": "2024-07-07 21:03:20 +0000"
    },
    "done": true
  },
  "lootr:root": {
    "criteria": {
      "always_true": "2024-07-07 19:52:06 +0000"
    },
    "done": true
  },
  "minecraft:adventure/kill_a_mob": {
    "criteria": {
      "minecraft:skeleton": "2024-07-07 20:19:18 +0000"
    },
    "done": true
  },
  "securitycraft:recipes/securitycraft/camera_monitor": {
    "criteria": {
      "has_iron": "2024-07-07 21:03:20 +0000"
    },
    "done": true
  },
  "armorplus:recipes/armorplus.weapons/crafting/shaped/emerald/emerald_sword": {
    "criteria": {
      "has_req": "2024-07-07 20:08:21 +0000"
    },
    "done": true
  },
  "minecraft:recipes/tools/golden_pickaxe": {
    "criteria": {
      "has_gold_ingot": "2024-07-07 21:03:17 +0000"
    },
    "done": true
  },
  "securitycraft:recipes/securitycraft/limited_use_keycard": {
    "criteria": {
      "has_iron": "2024-07-07 21:03:20 +0000"
    },
    "done": true
  },
  "minecraft:recipes/redstone/sticky_piston": {
    "criteria": {
      "has_slime_ball": "2024-07-07 21:36:20 +0000"
    },
    "done": true
  },
  "toms_storage:unlock_glowstone": {
    "criteria": {
      "inv_changed-glowstone": "2024-07-07 19:52:04 +0000"
    },
    "done": true
  },
  "minecraft:recipes/building_blocks/stone": {
    "criteria": {
      "has_cobblestone": "2024-07-07 20:17:50 +0000"
    },
    "done": true
  },
  "smallships:recipes/transportation/oak_drakkar": {
    "criteria": {
      "in_water": "2024-07-07 20:06:15 +0000"
    },
    "done": true
  },
  "minecraft:recipes/decorations/stonecutter": {
    "criteria": {
      "has_stone": "2024-07-07 22:03:33 +0000"
    },
    "done": true
  },
  "minecraft:adventure/adventuring_time": {
    "criteria": {
      "minecraft:old_growth_pine_taiga": "2024-07-08 01:44:06 +0000",
      "minecraft:taiga": "2024-07-07 21:44:39 +0000",
      "minecraft:beach": "2024-07-07 19:52:46 +0000",
      "minecraft:river": "2024-07-07 20:20:39 +0000",
      "minecraft:forest": "2024-07-07 20:08:18 +0000",
      "minecraft:lush_caves": "2024-07-07 22:45:07 +0000",
      "minecraft:windswept_forest": "2024-07-07 22:45:08 +0000",
      "minecraft:plains": "2024-07-07 20:23:43 +0000"
    },
    "done": false
  },
  "ironchest:recipes/ironchest/chests/vanilla_iron_chest": {
    "criteria": {
      "has_iron_ingot": "2024-07-07 21:03:20 +0000"
    },
    "done": true
  },
  "minecraft:recipes/misc/book": {
    "criteria": {
      "has_paper": "2024-07-07 21:45:13 +0000"
    },
    "done": true
  },
  "minecraft:recipes/decorations/purple_bed_from_white_bed": {
    "criteria": {
      "has_bed": "2024-07-07 21:46:51 +0000"
    },
    "done": true
  },
  "handcrafted:recipes/misc/white_sheet": {
    "criteria": {
      "has_sheet": "2024-07-07 21:29:22 +0000"
    },
    "done": true
  },
  "smallships:recipes/transportation/dark_oak_drakkar": {
    "criteria": {
      "in_water": "2024-07-07 20:06:15 +0000"
    },
    "done": true
  },
  "slashblade:material/proudsoul_tiny": {
    "criteria": {
      "BrokenBlade": "2024-07-07 20:09:40 +0000"
    },
    "done": true
  },
  "securitycraft:recipes/securitycraft/whitelist_module": {
    "criteria": {
      "has_iron": "2024-07-07 21:03:20 +0000"
    },
    "done": true
  },
  "minecraft:recipes/combat/stone_sword": {
    "criteria": {
      "has_cobblestone": "2024-07-07 20:17:50 +0000"
    },
    "done": true
  },
  "minecraft:recipes/decorations/barrel": {
    "criteria": {
      "has_planks": "2024-07-07 20:06:36 +0000"
    },
    "done": true
  },
  "minecraft:recipes/decorations/cobblestone_wall": {
    "criteria": {
      "has_cobblestone": "2024-07-07 20:17:50 +0000"
    },
    "done": true
  },
  "apollyon:back_to_hell": {
    "criteria": {
      "back_to_hell": "2024-07-07 21:35:13 +0000"
    },
    "done": true
  },
  "minecraft:recipes/building_blocks/polished_deepslate_slab": {
    "criteria": {
      "has_polished_deepslate": "2024-07-07 21:57:42 +0000"
    },
    "done": true
  },
  "minecraft:recipes/tools/stone_pickaxe": {
    "criteria": {
      "has_cobblestone": "2024-07-07 20:17:50 +0000"
    },
    "done": true
  },
  "minecraft:recipes/decorations/smithing_table": {
    "criteria": {
      "has_iron_ingot": "2024-07-07 21:03:20 +0000"
    },
    "done": true
  },
  "minecraft:recipes/redstone/stone_pressure_plate": {
    "criteria": {
      "has_stone": "2024-07-07 22:03:33 +0000"
    },
    "done": true
  },
  "sophisticatedbackpacks:recipes/sophisticatedbackpacks/crafting_upgrade": {
    "criteria": {
      "has_upgrade_base": "2024-07-07 22:17:52 +0000"
    },
    "done": true
  },
  "smallships:recipes/misc/sail": {
    "criteria": {
      "in_water": "2024-07-07 20:06:15 +0000"
    },
    "done": true
  },
  "minecraft:recipes/combat/leather_boots": {
    "criteria": {
      "has_leather": "2024-07-07 21:14:49 +0000"
    },
    "done": true
  },
  "sophisticatedbackpacks:recipes/sophisticatedbackpacks/diamond_backpack": {
    "criteria": {
      "has_gold_backpack": "2024-07-07 21:55:25 +0000"
    },
    "done": true
  },
  "minecraft:recipes/decorations/cobblestone_wall_from_cobblestone_stonecutting": {
    "criteria": {
      "has_cobblestone": "2024-07-07 20:17:50 +0000"
    },
    "done": true
  },
  "iceandfire:iceandfire/kill_ghost": {
    "criteria": {
      "killed_fire_dragon": "2024-07-07 21:09:02 +0000"
    },
    "done": true
  },
  "minecraft:recipes/building_blocks/diamond_block": {
    "criteria": {
      "has_diamond": "2024-07-07 22:09:11 +0000"
    },
    "done": true
  },
  "smallships:recipes/transportation/oak_galley": {
    "criteria": {
      "in_water": "2024-07-07 20:06:15 +0000"
    },
    "done": true
  },
  "armorplus:recipes/armorplus.weapons/crafting/shaped/emerald/emerald_pickaxe": {
    "criteria": {
      "has_req": "2024-07-07 20:08:21 +0000"
    },
    "done": true
  },
  "armorplus:recipes/armorplus.weapons/crafting/shaped/emerald/emerald_battle_axe": {
    "criteria": {
      "has_req": "2024-07-07 20:08:21 +0000"
    },
    "done": true
  },
  "smallships:recipes/transportation/mangrove_brigg": {
    "criteria": {
      "in_water": "2024-07-07 20:06:15 +0000"
    },
    "done": true
  },
  "securitycraft:recipes/securitycraft/universal_owner_changer": {
    "criteria": {
      "has_name_tag": "2024-07-07 21:14:15 +0000"
    },
    "done": true
  },
  "immersive_armors:recipes/misc/robe": {
    "criteria": {
      "has_item": "2024-07-07 21:29:17 +0000"
    },
    "done": true
  },
  "armorplus:story/root": {
    "criteria": {
      "crafting_table": "2024-07-07 20:15:58 +0000"
    },
    "done": true
  },
  "minecraft:recipes/decorations/lantern": {
    "criteria": {
      "has_iron_ingot": "2024-07-07 21:03:20 +0000"
    },
    "done": true
  },
  "lootr:50loot": {
    "criteria": {
      "loot_stat": "2024-07-07 22:39:49 +0000"
    },
    "done": true
  },
  "handcrafted:recipes/misc/frozen_bench": {
    "criteria": {
      "has_iron_ingot": "2024-07-07 21:03:20 +0000"
    },
    "done": true
  },
  "handcrafted:recipes/misc/white_cushion": {
    "criteria": {
      "has_cushion": "2024-07-07 21:29:22 +0000"
    },
    "done": true
  },
  "armorplus:recipes/armorplus.weapons/crafting/shaped/obsidian/obsidian_battle_axe": {
    "criteria": {
      "has_req": "2024-07-07 20:08:21 +0000"
    },
    "done": true
  },
  "armorplus:recipes/armorplus.weapons/crafting/shaped/coal/coal_pickaxe": {
    "criteria": {
      "has_req": "2024-07-07 20:08:21 +0000"
    },
    "done": true
  },
  "immersive_armors:recipes/misc/heavy": {
    "criteria": {
      "has_item": "2024-07-07 22:18:34 +0000"
    },
    "done": true
  },
  "handcrafted:recipes/misc/golden_medium_pot": {
    "criteria": {
      "has_gold_block": "2024-07-07 22:18:57 +0000"
    },
    "done": true
  },
  "upgradednetherite:recipes/essences/gold_essence": {
    "criteria": {
      "has_gold_ingot": "2024-07-07 21:03:17 +0000"
    },
    "done": true
  },
  "minecraft:recipes/misc/gold_nugget_from_smelting": {
    "criteria": {
      "has_golden_chestplate": "2024-07-08 01:46:31 +0000"
    },
    "done": true
  },
  "ironchest:recipes/ironchest/upgrades/wood_to_copper_chest_upgrade": {
    "criteria": {
      "has_item": "2024-07-07 20:06:36 +0000"
    },
    "done": true
  },
  "minecraft:recipes/building_blocks/light_gray_wool": {
    "criteria": {
      "has_white_wool": "2024-07-07 21:29:22 +0000"
    },
    "done": true
  },
  "minecraft:recipes/decorations/red_bed_from_white_bed": {
    "criteria": {
      "has_bed": "2024-07-07 21:46:51 +0000"
    },
    "done": true
  },
  "handcrafted:recipes/misc/pillager_trophy": {
    "criteria": {
      "has_trophy": "2024-07-07 22:03:33 +0000"
    },
    "done": true
  },
  "immersive_armors:recipes/misc/warrior": {
    "criteria": {
      "has_item": "2024-07-07 19:52:09 +0000"
    },
    "done": true
  },
  "shieldexp:recipes/golden_shield": {
    "criteria": {
      "has_gold_ingot": "2024-07-07 21:03:17 +0000"
    },
    "done": true
  },
  "minecraft:recipes/building_blocks/red_wool": {
    "criteria": {
      "has_white_wool": "2024-07-07 21:29:22 +0000"
    },
    "done": true
  },
  "securitycraft:recipes/securitycraft/alarm": {
    "criteria": {
      "has_redstone": "2024-07-07 22:48:36 +0000"
    },
    "done": true
  },
  "minecraft:recipes/tools/stone_axe": {
    "criteria": {
      "has_cobblestone": "2024-07-07 20:17:50 +0000"
    },
    "done": true
  },
  "minecraft:recipes/food/cooked_mutton": {
    "criteria": {
      "has_mutton": "2024-07-07 21:29:17 +0000"
    },
    "done": true
  },
  "armorplus:recipes/armorplus.weapons/crafting/shaped/redstone/redstone_bow_alt": {
    "criteria": {
      "has_req": "2024-07-07 21:31:16 +0000"
    },
    "done": true
  },
  "securitycraft:recipes/securitycraft/disguise_module": {
    "criteria": {
      "has_iron": "2024-07-07 21:03:20 +0000"
    },
    "done": true
  },
  "armorplus:recipes/armorplus.items/crafting/shaped/super_star/super_star_bow_base_alt": {
    "criteria": {
      "has_req": "2024-07-07 21:31:16 +0000"
    },
    "done": true
  },
  "minecraft:recipes/decorations/soul_torch": {
    "criteria": {
      "has_soul_sand": "2024-07-07 22:23:48 +0000"
    },
    "done": true
  },
  "apotheosis:affix/rare": {
    "criteria": {
      "sword": "2024-07-07 22:10:50 +0000"
    },
    "done": true
  },
  "minecraft:recipes/building_blocks/purple_wool": {
    "criteria": {
      "has_white_wool": "2024-07-07 21:29:22 +0000"
    },
    "done": true
  },
  "minecraft:recipes/building_blocks/deepslate_tile_slab_from_polished_deepslate_stonecutting": {
    "criteria": {
      "has_polished_deepslate": "2024-07-07 21:57:42 +0000"
    },
    "done": true
  },
  "sophisticatedbackpacks:recipes/sophisticatedbackpacks/chipped/tinkerer_workbench_upgrade": {
    "criteria": {
      "has_upgrade_base": "2024-07-07 22:17:52 +0000"
    },
    "done": true
  },
  "minecraft:recipes/building_blocks/cobblestone_stairs_from_cobblestone_stonecutting": {
    "criteria": {
      "has_cobblestone": "2024-07-07 20:17:50 +0000"
    },
    "done": true
  },
  "smallships:recipes/transportation/jungle_drakkar": {
    "criteria": {
      "in_water": "2024-07-07 20:06:15 +0000"
    },
    "done": true
  },
  "securitycraft:recipes/securitycraft/panic_button": {
    "criteria": {
      "has_redstone": "2024-07-07 22:48:36 +0000"
    },
    "done": true
  },
  "minecraft:recipes/misc/writable_book": {
    "criteria": {
      "has_book": "2024-07-07 21:20:25 +0000"
    },
    "done": true
  },
  "minecraft:recipes/decorations/white_bed": {
    "criteria": {
      "has_white_wool": "2024-07-07 21:29:22 +0000"
    },
    "done": true
  },
  "mca:recipes/misc/needle_and_thread": {
    "criteria": {
      "has_item": "2024-07-07 21:03:20 +0000"
    },
    "done": true
  },
  "armorplus:recipes/armorplus.weapons/crafting/shaped/lapis/lapis_pickaxe": {
    "criteria": {
      "has_req": "2024-07-07 20:08:21 +0000"
    },
    "done": true
  },
  "scalinghealth:recipes/scalinghealth/medkit": {
    "criteria": {
      "cobblestone": "2024-07-07 20:17:50 +0000"
    },
    "done": true
  },
  "minecraft:recipes/building_blocks/stone_brick_slab_from_stone_bricks_stonecutting": {
    "criteria": {
      "has_stone_bricks": "2024-07-07 21:20:25 +0000"
    },
    "done": true
  },
  "constructionwand:recipes/tools/iron_wand": {
    "criteria": {
      "has_item": "2024-07-07 21:03:20 +0000"
    },
    "done": true
  },
  "minecraft:recipes/redstone/birch_pressure_plate": {
    "criteria": {
      "has_planks": "2024-07-07 20:10:10 +0000"
    },
    "done": true
  },
  "minecraft:recipes/decorations/campfire": {
    "criteria": {
      "has_stick": "2024-07-07 20:08:21 +0000"
    },
    "done": true
  },
  "minecraft:recipes/decorations/candle": {
    "criteria": {
      "has_string": "2024-07-07 21:31:16 +0000"
    },
    "done": true
  },
  "minecraft:recipes/tools/golden_hoe": {
    "criteria": {
      "has_gold_ingot": "2024-07-07 21:03:17 +0000"
    },
    "done": true
  },
  "corail_dt:recipes/corail_dt/dust_0": {
    "criteria": {
      "requirement0": "2024-07-07 20:08:21 +0000"
    },
    "done": true
  },
  "minecraft:recipes/decorations/deepslate_brick_wall_from_polished_deepslate_stonecutting": {
    "criteria": {
      "has_polished_deepslate": "2024-07-07 21:57:42 +0000"
    },
    "done": true
  },
  "minecraft:recipes/building_blocks/smooth_stone": {
    "criteria": {
      "has_stone": "2024-07-07 22:03:33 +0000"
    },
    "done": true
  },
  "minecraft:recipes/misc/iron_nugget": {
    "criteria": {
      "has_iron_ingot": "2024-07-07 21:03:20 +0000"
    },
    "done": true
  },
  "minecraft:recipes/building_blocks/stone_slab_from_stone_stonecutting": {
    "criteria": {
      "has_stone": "2024-07-07 22:03:33 +0000"
    },
    "done": true
  },
  "minecraft:recipes/decorations/black_bed_from_white_bed": {
    "criteria": {
      "has_bed": "2024-07-07 21:46:51 +0000"
    },
    "done": true
  },
  "apotheosis:give_book": {
    "criteria": {
      "tick": "2024-07-07 19:52:06 +0000"
    },
    "done": true
  },
  "securitycraft:recipes/securitycraft/track_mine": {
    "criteria": {
      "has_iron": "2024-07-07 21:03:20 +0000"
    },
    "done": true
  },
  "minecraft:recipes/combat/diamond_sword": {
    "criteria": {
      "has_diamond": "2024-07-07 22:09:11 +0000"
    },
    "done": true
  },
  "minecraft:recipes/building_blocks/cyan_wool": {
    "criteria": {
      "has_white_wool": "2024-07-07 21:29:22 +0000"
    },
    "done": true
  },
  "minecraft:recipes/transportation/spruce_boat": {
    "criteria": {
      "in_water": "2024-07-07 20:06:15 +0000"
    },
    "done": true
  },
  "minecraft:recipes/decorations/jukebox": {
    "criteria": {
      "has_diamond": "2024-07-07 22:09:11 +0000"
    },
    "done": true
  },
  "minecraft:recipes/building_blocks/cracked_stone_bricks": {
    "criteria": {
      "has_stone_bricks": "2024-07-07 21:20:25 +0000"
    },
    "done": true
  },
  "securitycraft:recipes/securitycraft/blacklist_module": {
    "criteria": {
      "has_iron": "2024-07-07 21:03:20 +0000"
    },
    "done": true
  },
  "securitycraft:recipes/securitycraft/speed_module": {
    "criteria": {
      "has_iron": "2024-07-07 21:03:20 +0000"
    },
    "done": true
  },
  "minecraft:recipes/tools/flint_and_steel": {
    "criteria": {
      "has_flint": "2024-07-07 22:10:18 +0000"
    },
    "done": true
  },
  "armorplus:recipes/armorplus.blocks/crafting/shaped/storage/compressed_obsidian": {
    "criteria": {
      "has_req": "2024-07-08 01:46:34 +0000"
    },
    "done": true
  },
  "apotheosis:affix/root": {
    "criteria": {
      "sword": "2024-07-07 21:45:58 +0000"
    },
    "done": true
  },
  "minecraft:recipes/misc/firework_rocket_simple": {
    "criteria": {
      "has_gunpowder": "2024-07-07 22:30:41 +0000"
    },
    "done": true
  },
  "immersive_armors:recipes/misc/slime": {
    "criteria": {
      "has_item": "2024-07-07 21:36:20 +0000"
    },
    "done": true
  },
  "securitycraft:recipes/securitycraft/harming_module": {
    "criteria": {
      "has_iron": "2024-07-07 21:03:20 +0000"
    },
    "done": true
  },
  "minecraft:recipes/food/mushroom_stew": {
    "criteria": {
      "has_bowl": "2024-07-08 01:41:36 +0000"
    },
    "done": true
  },
  "minecraft:recipes/building_blocks/gray_wool": {
    "criteria": {
      "has_white_wool": "2024-07-07 21:29:22 +0000"
    },
    "done": true
  },
  "sophisticatedbackpacks:recipes/sophisticatedbackpacks/filter_upgrade": {
    "criteria": {
      "has_upgrade_base": "2024-07-07 22:17:52 +0000"
    },
    "done": true
  },
  "minecraft:recipes/misc/sugar_from_sugar_cane": {
    "criteria": {
      "has_sugar_cane": "2024-07-07 20:30:36 +0000"
    },
    "done": true
  },
  "minecraft:recipes/misc/gold_nugget": {
    "criteria": {
      "has_gold_ingot": "2024-07-07 21:03:17 +0000"
    },
    "done": true
  },
  "sophisticatedbackpacks:recipes/sophisticatedbackpacks/pump_upgrade": {
    "criteria": {
      "has_upgrade_base": "2024-07-07 22:17:52 +0000"
    },
    "done": true
  },
  "securitycraft:recipes/securitycraft/keypad_frame": {
    "criteria": {
      "has_redstone": "2024-07-07 22:48:36 +0000"
    },
    "done": true
  },
  "minecraft:husbandry/balanced_diet": {
    "criteria": {
      "cooked_porkchop": "2024-07-07 20:20:13 +0000",
      "cooked_mutton": "2024-07-07 22:33:53 +0000",
      "cooked_beef": "2024-07-07 21:16:49 +0000",
      "apple": "2024-07-07 21:44:12 +0000",
      "bread": "2024-07-07 20:06:53 +0000",
      "suspicious_stew": "2024-07-08 01:41:36 +0000",
      "enchanted_golden_apple": "2024-07-07 22:09:29 +0000"
    },
    "done": false
  },
  "minecraft:recipes/redstone/jungle_trapdoor": {
    "criteria": {
      "has_planks": "2024-07-07 20:06:47 +0000"
    },
    "done": true
  },
  "minecraft:recipes/tools/wooden_hoe": {
    "criteria": {
      "has_stick": "2024-07-07 20:08:21 +0000"
    },
    "done": true
  },
  "smallships:recipes/transportation/jungle_galley": {
    "criteria": {
      "in_water": "2024-07-07 20:06:15 +0000"
    },
    "done": true
  },
  "armorplus:recipes/armorplus.armors/crafting/shaped/coal/coal_helmet": {
    "criteria": {
      "has_req": "2024-07-07 22:10:21 +0000"
    },
    "done": true
  },
  "minecraft:recipes/misc/bucket": {
    "criteria": {
      "has_iron_ingot": "2024-07-07 21:03:20 +0000"
    },
    "done": true
  },
  "minecraft:recipes/redstone/jungle_button": {
    "criteria": {
      "has_planks": "2024-07-07 20:06:47 +0000"
    },
    "done": true
  },
  "smallships:recipes/transportation/acacia_brigg": {
    "criteria": {
      "in_water": "2024-07-07 20:06:15 +0000"
    },
    "done": true
  },
  "minecraft:recipes/building_blocks/cobblestone_stairs": {
    "criteria": {
      "has_cobblestone": "2024-07-07 20:17:50 +0000"
    },
    "done": true
  },
  "minecraft:recipes/building_blocks/stone_brick_stairs_from_stone_bricks_stonecutting": {
    "criteria": {
      "has_stone_bricks": "2024-07-07 21:20:25 +0000"
    },
    "done": true
  },
  "minecraft:recipes/building_blocks/birch_slab": {
    "criteria": {
      "has_planks": "2024-07-07 20:10:10 +0000"
    },
    "done": true
  },
  "securitycraft:recipes/securitycraft/reinforced_bookshelf": {
    "criteria": {
      "has_book": "2024-07-07 21:20:25 +0000"
    },
    "done": true
  },
  "sophisticatedbackpacks:recipes/sophisticatedbackpacks/restock_upgrade": {
    "criteria": {
      "has_upgrade_base": "2024-07-07 22:17:52 +0000"
    },
    "done": true
  },
  "armorplus:recipes/armorplus.weapons/crafting/shaped/obsidian/obsidian_sword": {
    "criteria": {
      "has_req": "2024-07-07 20:08:21 +0000"
    },
    "done": true
  },
  "minecraft:recipes/decorations/yellow_bed_from_white_bed": {
    "criteria": {
      "has_bed": "2024-07-07 21:46:51 +0000"
    },
    "done": true
  },
  "minecraft:recipes/building_blocks/polished_deepslate_slab_from_polished_deepslate_stonecutting": {
    "criteria": {
      "has_polished_deepslate": "2024-07-07 21:57:42 +0000"
    },
    "done": true
  },
  "apollyon:condemned_to_die": {
    "criteria": {
      "condemned_to_die": "2024-07-07 20:12:25 +0000"
    },
    "done": true
  },
  "handcrafted:recipes/misc/vindicator_trophy": {
    "criteria": {
      "has_trophy": "2024-07-07 22:03:33 +0000"
    },
    "done": true
  },
  "minecraft:recipes/redstone/note_block": {
    "criteria": {
      "has_redstone": "2024-07-07 22:48:36 +0000"
    },
    "done": true
  },
  "smallships:recipes/transportation/dark_oak_galley": {
    "criteria": {
      "in_water": "2024-07-07 20:06:15 +0000"
    },
    "done": true
  },
  "constructionwand:recipes/tools/stone_wand": {
    "criteria": {
      "has_item": "2024-07-07 20:17:50 +0000"
    },
    "done": true
  },
  "securitycraft:recipes/securitycraft/redstone_module": {
    "criteria": {
      "has_iron": "2024-07-07 21:03:20 +0000"
    },
    "done": true
  },
  "armorplus:recipes/armorplus.weapons/crafting/shaped/redstone/redstone_bow": {
    "criteria": {
      "has_req": "2024-07-07 21:31:16 +0000"
    },
    "done": true
  },
  "minecraft:recipes/decorations/white_banner": {
    "criteria": {
      "has_white_wool": "2024-07-07 21:29:22 +0000"
    },
    "done": true
  },
  "sophisticatedbackpacks:recipes/sophisticatedbackpacks/chipped/botanist_workbench_upgrade": {
    "criteria": {
      "has_upgrade_base": "2024-07-07 22:17:52 +0000"
    },
    "done": true
  },
  "armorplus:recipes/armorplus.items/crafting/shaped/guardian/guardian_bow_base_alt": {
    "criteria": {
      "has_req": "2024-07-07 21:31:16 +0000"
    },
    "done": true
  },
  "sophisticatedbackpacks:recipes/sophisticatedbackpacks/feeding_upgrade": {
    "criteria": {
      "has_upgrade_base": "2024-07-07 22:17:52 +0000"
    },
    "done": true
  },
  "minecraft:recipes/decorations/mossy_cobblestone_wall": {
    "criteria": {
      "has_mossy_cobblestone": "2024-07-08 01:40:06 +0000"
    },
    "done": true
  },
  "securitycraft:recipes/securitycraft/keypad_item": {
    "criteria": {
      "has_stone_button": "2024-07-07 22:04:51 +0000"
    },
    "done": true
  },
  "minecraft:recipes/misc/leather_horse_armor": {
    "criteria": {
      "has_leather": "2024-07-07 21:14:49 +0000"
    },
    "done": true
  },
  "minecraft:recipes/tools/golden_shovel": {
    "criteria": {
      "has_gold_ingot": "2024-07-07 21:03:17 +0000"
    },
    "done": true
  },
  "minecraft:recipes/combat/iron_helmet": {
    "criteria": {
      "has_iron_ingot": "2024-07-07 21:03:20 +0000"
    },
    "done": true
  },
  "armorplus:recipes/armorplus.blocks/crafting/shaped/bricks/white_stone_brick": {
    "criteria": {
      "has_req": "2024-07-07 21:20:25 +0000"
    },
    "done": true
  },
  "minecraft:recipes/combat/bow": {
    "criteria": {
      "has_string": "2024-07-07 21:31:16 +0000"
    },
    "done": true
  },
  "minecraft:recipes/decorations/mossy_cobblestone_wall_from_mossy_cobblestone_stonecutting": {
    "criteria": {
      "has_mossy_cobblestone": "2024-07-08 01:40:06 +0000"
    },
    "done": true
  },
  "minecraft:recipes/redstone/oak_fence_gate": {
    "criteria": {
      "has_planks": "2024-07-07 20:06:36 +0000"
    },
    "done": true
  },
  "minecraft:recipes/redstone/tnt": {
    "criteria": {
      "has_gunpowder": "2024-07-07 22:30:41 +0000"
    },
    "done": true
  },
  "corail_dt:recipes/corail_dt/disk_1_0": {
    "criteria": {
      "requirement1": "2024-07-07 20:06:36 +0000"
    },
    "done": false
  },
  "corail_dt:recipes/corail_dt/disk_1_1": {
    "criteria": {
      "requirement1": "2024-07-07 20:17:50 +0000"
    },
    "done": false
  },
  "corail_dt:recipes/corail_dt/disk_1_2": {
    "criteria": {
      "requirement1": "2024-07-07 21:03:20 +0000"
    },
    "done": false
  },
  "minecraft:recipes/building_blocks/smooth_stone_slab": {
    "criteria": {
      "has_smooth_stone": "2024-07-08 01:39:01 +0000"
    },
    "done": true
  },
  "corail_dt:recipes/corail_dt/disk_1_3": {
    "criteria": {
      "requirement1": "2024-07-07 22:09:11 +0000"
    },
    "done": false
  },
  "corail_dt:recipes/corail_dt/disk_1_4": {
    "criteria": {
      "requirement1": "2024-07-07 21:03:17 +0000"
    },
    "done": false
  },
  "handcrafted:recipes/misc/golden_thick_pot": {
    "criteria": {
      "has_gold_block": "2024-07-07 22:18:57 +0000"
    },
    "done": true
  },
  "minecraft:recipes/decorations/orange_bed_from_white_bed": {
    "criteria": {
      "has_bed": "2024-07-07 21:46:51 +0000"
    },
    "done": true
  },
  "armorplus:recipes/armorplus.armors/crafting/shaped/coal/coal_chestplate": {
    "criteria": {
      "has_req": "2024-07-07 22:10:21 +0000"
    },
    "done": true
  },
  "armorplus:recipes/armorplus.weapons/crafting/shaped/emerald/emerald_arrow": {
    "criteria": {
      "has_req": "2024-07-07 21:13:23 +0000"
    },
    "done": true
  },
  "armorplus:story/thank_you_6m": {
    "criteria": {
      "open_inventory": "2024-07-07 20:15:58 +0000"
    },
    "done": true
  },
  "armorplus:recipes/armorplus.weapons/crafting/shaped/coal/coal_bow_alt": {
    "criteria": {
      "has_req": "2024-07-07 21:31:16 +0000"
    },
    "done": true
  },
  "minecraft:recipes/combat/diamond_chestplate": {
    "criteria": {
      "has_diamond": "2024-07-07 22:09:11 +0000"
    },
    "done": true
  },
  "minecraft:story/mine_stone": {
    "criteria": {
      "get_stone": "2024-07-07 20:17:50 +0000"
    },
    "done": true
  },
  "minecraft:recipes/redstone/target": {
    "criteria": {
      "has_redstone": "2024-07-07 22:48:36 +0000"
    },
    "done": true
  },
  "minecraft:recipes/decorations/furnace": {
    "criteria": {
      "has_cobblestone": "2024-07-07 20:17:50 +0000"
    },
    "done": true
  },
  "minecraft:recipes/transportation/minecart": {
    "criteria": {
      "has_iron_ingot": "2024-07-07 21:03:20 +0000"
    },
    "done": true
  },
  "smallships:recipes/transportation/birch_brigg": {
    "criteria": {
      "in_water": "2024-07-07 20:06:15 +0000"
    },
    "done": true
  },
  "minecraft:recipes/misc/charcoal": {
    "criteria": {
      "has_log": "2024-07-07 20:07:06 +0000"
    },
    "done": true
  },
  "minecraft:recipes/building_blocks/red_nether_bricks": {
    "criteria": {
      "has_nether_wart": "2024-07-07 22:23:40 +0000"
    },
    "done": true
  },
  "minecraft:recipes/building_blocks/orange_wool": {
    "criteria": {
      "has_white_wool": "2024-07-07 21:29:22 +0000"
    },
    "done": true
  },
  "minecraft:recipes/tools/wooden_pickaxe": {
    "criteria": {
      "has_stick": "2024-07-07 20:08:21 +0000"
    },
    "done": true
  },
  "minecraft:recipes/tools/iron_hoe": {
    "criteria": {
      "has_iron_ingot": "2024-07-07 21:03:20 +0000"
    },
    "done": true
  },
  "minecraft:recipes/building_blocks/deepslate_tile_stairs_from_polished_deepslate_stonecutting": {
    "criteria": {
      "has_polished_deepslate": "2024-07-07 21:57:42 +0000"
    },
    "done": true
  },
  "minecraft:husbandry/root": {
    "criteria": {
      "consumed_item": "2024-07-07 20:06:53 +0000"
    },
    "done": true
  },
  "minecraft:recipes/building_blocks/stone_brick_slab": {
    "criteria": {
      "has_stone_bricks": "2024-07-07 21:20:25 +0000"
    },
    "done": true
  },
  "minecraft:recipes/redstone/redstone_torch": {
    "criteria": {
      "has_redstone": "2024-07-07 22:48:36 +0000"
    },
    "done": true
  },
  "minecraft:recipes/transportation/birch_boat": {
    "criteria": {
      "in_water": "2024-07-07 20:06:15 +0000"
    },
    "done": true
  },
  "constructionwand:recipes/tools/diamond_wand": {
    "criteria": {
      "has_item": "2024-07-07 22:09:11 +0000"
    },
    "done": true
  },
  "minecraft:recipes/food/golden_apple": {
    "criteria": {
      "has_gold_ingot": "2024-07-07 21:03:17 +0000"
    },
    "done": true
  },
  "securitycraft:recipes/securitycraft/sonic_security_system": {
    "criteria": {
      "has_stick": "2024-07-07 20:08:21 +0000"
    },
    "done": true
  },
  "apotheosis:affix/chests": {
    "criteria": {
      "sword": "2024-07-07 22:09:03 +0000"
    },
    "done": true
  },
  "lootr:10loot": {
    "criteria": {
      "loot_stat": "2024-07-07 22:09:09 +0000"
    },
    "done": true
  },
  "minecraft:recipes/decorations/enchanting_table": {
    "criteria": {
      "has_obsidian": "2024-07-08 01:46:34 +0000"
    },
    "done": true
  },
  "minecraft:recipes/tools/iron_shovel": {
    "criteria": {
      "has_iron_ingot": "2024-07-07 21:03:20 +0000"
    },
    "done": true
  },
  "minecraft:recipes/building_blocks/dark_oak_wood": {
    "criteria": {
      "has_log": "2024-07-07 20:07:06 +0000"
    },
    "done": true
  },
  "armorplus:recipes/armorplus.weapons/crafting/shaped/lapis/lapis_sword": {
    "criteria": {
      "has_req": "2024-07-07 20:08:21 +0000"
    },
    "done": true
  },
  "minecraft:recipes/decorations/cyan_bed_from_white_bed": {
    "criteria": {
      "has_bed": "2024-07-07 21:46:51 +0000"
    },
    "done": true
  },
  "armorplus:recipes/armorplus.items/crafting/shaped/slayer/slayer_bow_base_alt": {
    "criteria": {
      "has_req": "2024-07-07 21:31:16 +0000"
    },
    "done": true
  },
  "sophisticatedbackpacks:recipes/sophisticatedbackpacks/chipped/glassblower_workbench_upgrade": {
    "criteria": {
      "has_upgrade_base": "2024-07-07 22:17:52 +0000"
    },
    "done": true
  },
  "handcrafted:recipes/misc/witch_trophy": {
    "criteria": {
      "has_trophy": "2024-07-07 22:03:33 +0000"
    },
    "done": true
  },
  "handcrafted:recipes/misc/bench": {
    "criteria": {
      "has_iron_ingot": "2024-07-07 21:03:20 +0000"
    },
    "done": true
  },
  "graveyard:graveyard/root": {
    "criteria": {
      "grave_01": "2024-07-07 20:20:56 +0000"
    },
    "done": true
  },
  "minecraft:recipes/decorations/item_frame": {
    "criteria": {
      "has_leather": "2024-07-07 21:14:49 +0000"
    },
    "done": true
  },
  "armorplus:recipes/armorplus.weapons/crafting/shaped/coal/coal_arrow": {
    "criteria": {
      "has_req": "2024-07-07 20:18:58 +0000"
    },
    "done": true
  },
  "minecraft:recipes/decorations/lime_bed_from_white_bed": {
    "criteria": {
      "has_bed": "2024-07-07 21:46:51 +0000"
    },
    "done": true
  },
  "handcrafted:recipes/misc/black_sheet": {
    "criteria": {
      "has_sheet": "2024-07-07 21:29:17 +0000"
    },
    "done": true
  },
  "minecraft:recipes/tools/stone_hoe": {
    "criteria": {
      "has_cobblestone": "2024-07-07 20:17:50 +0000"
    },
    "done": true
  },
  "minecraft:recipes/tools/clock": {
    "criteria": {
      "has_redstone": "2024-07-07 22:48:36 +0000"
    },
    "done": true
  },
  "corail_dt:recipes/corail_dt/disk_0_0": {
    "criteria": {
      "requirement1": "2024-07-07 20:06:36 +0000"
    },
    "done": false
  },
  "minecraft:recipes/decorations/spruce_fence": {
    "criteria": {
      "has_planks": "2024-07-07 21:20:25 +0000"
    },
    "done": true
  },
  "armorplus:recipes/armorplus.weapons/crafting/shaped/redstone/redstone_pickaxe": {
    "criteria": {
      "has_req": "2024-07-07 20:08:21 +0000"
    },
    "done": true
  },
  "corail_dt:recipes/corail_dt/disk_0_1": {
    "criteria": {
      "requirement1": "2024-07-07 20:17:50 +0000"
    },
    "done": false
  },
  "minecraft:recipes/tools/diamond_hoe": {
    "criteria": {
      "has_diamond": "2024-07-07 22:09:11 +0000"
    },
    "done": true
  },
  "simplefarming:berries": {
    "criteria": {
      "blueberries": "2024-07-08 01:45:04 +0000",
      "raspberries": "2024-07-07 20:14:08 +0000"
    },
    "done": false
  },
  "corail_dt:recipes/corail_dt/disk_0_2": {
    "criteria": {
      "requirement1": "2024-07-07 21:03:20 +0000"
    },
    "done": false
  },
  "armorplus:recipes/armorplus.items/crafting/shaped/slayer/slayer_bow_base": {
    "criteria": {
      "has_req": "2024-07-07 21:31:16 +0000"
    },
    "done": true
  },
  "corail_dt:recipes/corail_dt/disk_0_3": {
    "criteria": {
      "requirement1": "2024-07-07 22:09:11 +0000"
    },
    "done": false
  },
  "corail_dt:recipes/corail_dt/disk_0_4": {
    "criteria": {
      "requirement1": "2024-07-07 21:03:17 +0000"
    },
    "done": false
  },
  "minecraft:recipes/building_blocks/dark_oak_stairs": {
    "criteria": {
      "has_planks": "2024-07-07 20:07:31 +0000"
    },
    "done": true
  },
  "minecraft:recipes/tools/diamond_shovel": {
    "criteria": {
      "has_diamond": "2024-07-07 22:09:11 +0000"
    },
    "done": true
  },
  "minecraft:recipes/decorations/green_bed_from_white_bed": {
    "criteria": {
      "has_bed": "2024-07-07 21:46:51 +0000"
    },
    "done": true
  },
  "sophisticatedbackpacks:recipes/sophisticatedbackpacks/refill_upgrade": {
    "criteria": {
      "has_upgrade_base": "2024-07-07 22:17:52 +0000"
    },
    "done": true
  },
  "apotheosis:affix/mythic_gem": {
    "criteria": {
      "gem": "2024-07-07 21:13:31 +0000"
    },
    "done": true
  },
  "armorplus:recipes/armorplus.armors/crafting/shaped/coal/coal_boots": {
    "criteria": {
      "has_req": "2024-07-07 22:10:21 +0000"
    },
    "done": true
  },
  "armorplus:recipes/armorplus.blocks/crafting/shaped/bricks/blue_stone_brick": {
    "criteria": {
      "has_req": "2024-07-07 21:20:25 +0000"
    },
    "done": true
  },
  "smallships:recipes/transportation/acacia_drakkar": {
    "criteria": {
      "in_water": "2024-07-07 20:06:15 +0000"
    },
    "done": true
  },
  "minecraft:recipes/decorations/white_carpet": {
    "criteria": {
      "has_white_wool": "2024-07-07 21:29:22 +0000"
    },
    "done": true
  },
  "minecraft:recipes/decorations/dark_oak_sign": {
    "criteria": {
      "has_planks": "2024-07-07 20:07:31 +0000"
    },
    "done": true
  },
  "minecraft:recipes/building_blocks/spruce_stairs": {
    "criteria": {
      "has_planks": "2024-07-07 21:20:25 +0000"
    },
    "done": true
  },
  "sophisticatedbackpacks:recipes/sophisticatedbackpacks/deposit_upgrade": {
    "criteria": {
      "has_upgrade_base": "2024-07-07 22:17:52 +0000"
    },
    "done": true
  },
  "smallships:recipes/transportation/jungle_brigg": {
    "criteria": {
      "in_water": "2024-07-07 20:06:15 +0000"
    },
    "done": true
  },
  "minecraft:recipes/redstone/birch_door": {
    "criteria": {
      "has_planks": "2024-07-07 20:10:10 +0000"
    },
    "done": true
  },
  "morevillagers:all_workstations_get": {
    "criteria": {
      "barrel": "2024-07-07 21:53:06 +0000",
      "brewingstand": "2024-07-08 01:40:48 +0000",
      "cauldron": "2024-07-08 01:40:43 +0000"
    },
    "done": false
  },
  "toms_storage:unlock_chest": {
    "criteria": {
      "inv_changed-chest": "2024-07-07 19:52:05 +0000"
    },
    "done": true
  },
  "betterdeserttemples:root": {
    "criteria": {
      "always": "2024-07-07 19:52:06 +0000"
    },
    "done": true
  },
  "lootr:25loot": {
    "criteria": {
      "loot_stat": "2024-07-07 22:16:21 +0000"
    },
    "done": true
  },
  "minecraft:story/mine_diamond": {
    "criteria": {
      "diamond": "2024-07-07 22:09:11 +0000"
    },
    "done": true
  },
  "minecraft:story/upgrade_tools": {
    "criteria": {
      "stone_pickaxe": "2024-07-07 20:18:34 +0000"
    },
    "done": true
  },
  "armorplus:recipes/armorplus.items/crafting/shaped/super_star/super_star_bow_base": {
    "criteria": {
      "has_req": "2024-07-07 21:31:16 +0000"
    },
    "done": true
  },
  "minecraft:recipes/combat/diamond_helmet": {
    "criteria": {
      "has_diamond": "2024-07-07 22:09:11 +0000"
    },
    "done": true
  },
  "armorplus:recipes/armorplus.items/crafting/shapeless/obsidian_stick_adv": {
    "criteria": {
      "has_req": "2024-07-08 01:46:34 +0000"
    },
    "done": true
  },
  "minecraft:recipes/transportation/oak_boat": {
    "criteria": {
      "in_water": "2024-07-07 20:06:15 +0000"
    },
    "done": true
  },
  "minecraft:recipes/decorations/anvil": {
    "criteria": {
      "has_iron_block": "2024-07-07 22:18:34 +0000"
    },
    "done": true
  },
  "morevillagers:recipes/oceanography_table": {
    "criteria": {
      "has_barrel": "2024-07-07 21:53:06 +0000"
    },
    "done": true
  },
  "minecraft:recipes/decorations/birch_fence": {
    "criteria": {
      "has_planks": "2024-07-07 20:10:10 +0000"
    },
    "done": true
  },
  "minecraft:recipes/decorations/blue_bed_from_white_bed": {
    "criteria": {
      "has_bed": "2024-07-07 21:46:51 +0000"
    },
    "done": true
  },
  "lootr:1barrel": {
    "criteria": {
      "opened_barrel": "2024-07-07 21:45:45 +0000"
    },
    "done": true
  },
  "handcrafted:recipes/misc/creeper_trophy": {
    "criteria": {
      "has_trophy": "2024-07-07 22:03:33 +0000"
    },
    "done": true
  },
  "immersive_armors:recipes/misc/wooden": {
    "criteria": {
      "has_item": "2024-07-07 20:07:06 +0000"
    },
    "done": true
  },
  "minecraft:recipes/building_blocks/stone_brick_stairs": {
    "criteria": {
      "has_stone_bricks": "2024-07-07 21:20:25 +0000"
    },
    "done": true
  },
  "minecraft:recipes/combat/golden_boots": {
    "criteria": {
      "has_gold_ingot": "2024-07-07 21:03:17 +0000"
    },
    "done": true
  },
  "minecraft:recipes/building_blocks/smooth_stone_slab_from_smooth_stone_stonecutting": {
    "criteria": {
      "has_smooth_stone": "2024-07-08 01:39:01 +0000"
    },
    "done": true
  },
  "securitycraft:recipes/securitycraft/claymore": {
    "criteria": {
      "has_redstone": "2024-07-07 22:48:36 +0000"
    },
    "done": true
  },
  "minecraft:recipes/tools/wooden_axe": {
    "criteria": {
      "has_stick": "2024-07-07 20:08:21 +0000"
    },
    "done": true
  },
  "minecraft:recipes/decorations/spruce_sign": {
    "criteria": {
      "has_planks": "2024-07-07 21:20:25 +0000"
    },
    "done": true
  },
  "minecraft:recipes/building_blocks/lime_wool": {
    "criteria": {
      "has_white_wool": "2024-07-07 21:29:22 +0000"
    },
    "done": true
  },
  "minecraft:recipes/decorations/deepslate_tile_wall_from_polished_deepslate_stonecutting": {
    "criteria": {
      "has_polished_deepslate": "2024-07-07 21:57:42 +0000"
    },
    "done": true
  },
  "corail_dt:recipes/corail_dt/disk_3_0": {
    "criteria": {
      "requirement1": "2024-07-07 20:06:36 +0000"
    },
    "done": false
  },
  "corail_dt:recipes/corail_dt/disk_3_2": {
    "criteria": {
      "requirement1": "2024-07-07 21:03:20 +0000"
    },
    "done": false
  },
  "securitycraft:recipes/securitycraft/keycard_lv2": {
    "criteria": {
      "has_iron": "2024-07-07 21:03:20 +0000"
    },
    "done": true
  },
  "corail_dt:recipes/corail_dt/disk_3_1": {
    "criteria": {
      "requirement1": "2024-07-07 20:17:50 +0000"
    },
    "done": false
  },
  "securitycraft:recipes/securitycraft/keycard_lv1": {
    "criteria": {
      "has_iron": "2024-07-07 21:03:20 +0000"
    },
    "done": true
  },
  "minecraft:recipes/misc/paper": {
    "criteria": {
      "has_reeds": "2024-07-07 20:30:36 +0000"
    },
    "done": true
  },
  "corail_dt:recipes/corail_dt/disk_3_4": {
    "criteria": {
      "requirement1": "2024-07-07 21:03:17 +0000"
    },
    "done": false
  },
  "corail_dt:recipes/corail_dt/disk_3_3": {
    "criteria": {
      "requirement1": "2024-07-07 22:09:11 +0000"
    },
    "done": false
  },
  "minecraft:recipes/building_blocks/stone_bricks_from_stone_stonecutting": {
    "criteria": {
      "has_stone": "2024-07-07 22:03:33 +0000"
    },
    "done": true
  },
  "sophisticatedbackpacks:recipes/sophisticatedbackpacks/battery_upgrade": {
    "criteria": {
      "has_upgrade_base": "2024-07-07 22:17:52 +0000"
    },
    "done": true
  },
  "shieldexp:recipes/diamond_shield": {
    "criteria": {
      "has_diamond": "2024-07-07 22:09:11 +0000"
    },
    "done": true
  },
  "minecraft:recipes/decorations/loom": {
    "criteria": {
      "has_string": "2024-07-07 21:31:16 +0000"
    },
    "done": true
  },
  "securitycraft:recipes/securitycraft/bouncing_betty": {
    "criteria": {
      "has_iron": "2024-07-07 21:03:20 +0000"
    },
    "done": true
  },
  "minecraft:recipes/building_blocks/green_wool": {
    "criteria": {
      "has_white_wool": "2024-07-07 21:29:22 +0000"
    },
    "done": true
  },
  "minecraft:recipes/building_blocks/deepslate_brick_stairs_from_polished_deepslate_stonecutting": {
    "criteria": {
      "has_polished_deepslate": "2024-07-07 21:57:42 +0000"
    },
    "done": true
  },
  "armorplus:recipes/armorplus.blocks/crafting/shaped/bricks/green_stone_brick": {
    "criteria": {
      "has_req": "2024-07-07 21:20:25 +0000"
    },
    "done": true
  },
  "minecraft:recipes/tools/diamond_axe": {
    "criteria": {
      "has_diamond": "2024-07-07 22:09:11 +0000"
    },
    "done": true
  },
  "minecraft:recipes/decorations/stone_brick_wall_from_stone_bricks_stonecutting": {
    "criteria": {
      "has_stone_bricks": "2024-07-07 21:20:25 +0000"
    },
    "done": true
  },
  "handcrafted:recipes/misc/skeleton_trophy": {
    "criteria": {
      "has_trophy": "2024-07-07 22:03:33 +0000"
    },
    "done": true
  },
  "minecraft:recipes/building_blocks/brown_wool": {
    "criteria": {
      "has_white_wool": "2024-07-07 21:29:22 +0000"
    },
    "done": true
  },
  "mining_helmet:recipes/mining_helmet": {
    "criteria": {
      "has_lantern": "2024-07-07 19:52:04 +0000",
      "has_iron": "2024-07-07 19:52:04 +0000"
    },
    "done": true
  },
  "sophisticatedbackpacks:recipes/sophisticatedbackpacks/tool_swapper_upgrade": {
    "criteria": {
      "has_upgrade_base": "2024-07-07 22:17:52 +0000"
    },
    "done": true
  },
  "minecraft:recipes/building_blocks/chiseled_stone_bricks_from_stone_bricks_stonecutting": {
    "criteria": {
      "has_stone_bricks": "2024-07-07 21:20:25 +0000"
    },
    "done": true
  },
  "smallships:recipes/transportation/spruce_drakkar": {
    "criteria": {
      "in_water": "2024-07-07 20:06:15 +0000"
    },
    "done": true
  },
  "minecraft:recipes/decorations/painting": {
    "criteria": {
      "has_wool": "2024-07-07 21:29:17 +0000"
    },
    "done": true
  },
  "mca:recipes/misc/books": {
    "criteria": {
      "has_item": "2024-07-07 21:45:13 +0000"
    },
    "done": true
  },
  "securitycraft:recipes/securitycraft/sc_manual": {
    "criteria": {
      "has_wood": "2024-07-07 20:07:06 +0000"
    },
    "done": true
  },
  "securitycraft:recipes/securitycraft/keycard_lv4": {
    "criteria": {
      "has_iron": "2024-07-07 21:03:20 +0000"
    },
    "done": true
  },
  "securitycraft:recipes/securitycraft/keycard_lv3": {
    "criteria": {
      "has_iron": "2024-07-07 21:03:20 +0000"
    },
    "done": true
  },
  "ironchest:recipes/ironchest/chests/iron_gold_chest": {
    "criteria": {
      "has_gold_ingot": "2024-07-07 21:03:17 +0000"
    },
    "done": true
  },
  "securitycraft:recipes/securitycraft/keycard_lv5": {
    "criteria": {
      "has_iron": "2024-07-07 21:03:20 +0000"
    },
    "done": true
  },
  "minecraft:recipes/decorations/black_carpet": {
    "criteria": {
      "has_black_wool": "2024-07-07 21:29:17 +0000"
    },
    "done": true
  },
  "minecraft:recipes/building_blocks/stone_slab": {
    "criteria": {
      "has_stone": "2024-07-07 22:03:33 +0000"
    },
    "done": true
  },
  "minecraft:recipes/combat/arrow": {
    "criteria": {
      "has_flint": "2024-07-07 22:10:18 +0000"
    },
    "done": true
  },
  "minecraft:recipes/building_blocks/coal_block": {
    "criteria": {
      "has_coal": "2024-07-07 20:18:58 +0000"
    },
    "done": true
  },
  "sophisticatedbackpacks:recipes/sophisticatedbackpacks/chipped/philosopher_workbench_upgrade": {
    "criteria": {
      "has_upgrade_base": "2024-07-07 22:17:52 +0000"
    },
    "done": true
  },
  "minecraft:recipes/redstone/light_weighted_pressure_plate": {
    "criteria": {
      "has_gold_ingot": "2024-07-07 21:03:17 +0000"
    },
    "done": true
  },
  "minecraft:recipes/misc/gold_nugget_from_blasting": {
    "criteria": {
      "has_golden_chestplate": "2024-07-08 01:46:31 +0000"
    },
    "done": true
  },
  "corail_dt:tutorial/build_complete": {
    "criteria": {
      "requirement1": "2024-07-07 21:22:57 +0000"
    },
    "done": false
  },
  "minecraft:recipes/tools/stone_shovel": {
    "criteria": {
      "has_cobblestone": "2024-07-07 20:17:50 +0000"
    },
    "done": true
  },
  "apotheosis:spawner/capturing": {
    "criteria": {
      "egg": "2024-07-07 21:11:33 +0000"
    },
    "done": true
  },
  "smallships:recipes/transportation/mangrove_cog": {
    "criteria": {
      "in_water": "2024-07-07 20:06:15 +0000"
    },
    "done": true
  },
  "minecraft:recipes/building_blocks/mossy_cobblestone_slab": {
    "criteria": {
      "has_mossy_cobblestone": "2024-07-08 01:40:06 +0000"
    },
    "done": true
  },
  "corail_dt:recipes/essence": {
    "criteria": {
      "requirement_1": "2024-07-07 19:52:04 +0000"
    },
    "done": true
  },
  "corail_dt:recipes/corail_dt/disk_2_1": {
    "criteria": {
      "requirement1": "2024-07-07 20:17:50 +0000"
    },
    "done": false
  },
  "corail_dt:recipes/corail_dt/disk_2_0": {
    "criteria": {
      "requirement1": "2024-07-07 20:06:36 +0000"
    },
    "done": false
  },
  "minecraft:recipes/building_blocks/spruce_slab": {
    "criteria": {
      "has_planks": "2024-07-07 21:20:25 +0000"
    },
    "done": true
  },
  "corail_dt:recipes/corail_dt/disk_2_3": {
    "criteria": {
      "requirement1": "2024-07-07 22:09:11 +0000"
    },
    "done": false
  },
  "corail_dt:recipes/corail_dt/disk_2_2": {
    "criteria": {
      "requirement1": "2024-07-07 21:03:20 +0000"
    },
    "done": false
  },
  "securitycraft:recipes/securitycraft/universal_block_reinforcer_lvl2": {
    "criteria": {
      "has_redstone": "2024-07-07 22:48:36 +0000"
    },
    "done": true
  },
  "securitycraft:recipes/securitycraft/reinforced_andesite": {
    "criteria": {
      "has_cobblestone": "2024-07-07 20:17:50 +0000"
    },
    "done": true
  },
  "corail_dt:recipes/corail_dt/disk_2_4": {
    "criteria": {
      "requirement1": "2024-07-07 21:03:17 +0000"
    },
    "done": false
  },
  "securitycraft:recipes/securitycraft/universal_block_reinforcer_lvl1": {
    "criteria": {
      "has_redstone": "2024-07-07 22:48:36 +0000"
    },
    "done": true
  },
  "securitycraft:recipes/securitycraft/universal_block_reinforcer_lvl3": {
    "criteria": {
      "has_redstone": "2024-07-07 22:48:36 +0000"
    },
    "done": true
  },
  "minecraft:recipes/decorations/jungle_sign": {
    "criteria": {
      "has_planks": "2024-07-07 20:06:47 +0000"
    },
    "done": true
  },
  "minecraft:recipes/building_blocks/polished_deepslate_stairs_from_polished_deepslate_stonecutting": {
    "criteria": {
      "has_polished_deepslate": "2024-07-07 21:57:42 +0000"
    },
    "done": true
  },
  "armorplus:recipes/armorplus.weapons/crafting/shaped/obsidian/obsidian_arrow": {
    "criteria": {
      "has_req": "2024-07-08 01:46:34 +0000"
    },
    "done": true
  },
  "scalinghealth:recipes/scalinghealth/heart_crystal": {
    "criteria": {
      "cobblestone": "2024-07-07 20:17:50 +0000"
    },
    "done": true
  },
  "minecraft:recipes/combat/golden_helmet": {
    "criteria": {
      "has_gold_ingot": "2024-07-07 21:03:17 +0000"
    },
    "done": true
  },
  "sophisticatedbackpacks:recipes/sophisticatedbackpacks/jukebox_upgrade": {
    "criteria": {
      "has_upgrade_base": "2024-07-07 22:17:52 +0000"
    },
    "done": true
  },
  "packingtape:recipes/misc/tape": {
    "criteria": {
      "has_slime_ball": "2024-07-07 21:36:20 +0000"
    },
    "done": true
  },
  "minecraft:recipes/tools/lead": {
    "criteria": {
      "has_slime_ball": "2024-07-07 21:36:20 +0000"
    },
    "done": true
  },
  "minecraft:recipes/redstone/oak_pressure_plate": {
    "criteria": {
      "has_planks": "2024-07-07 20:06:36 +0000"
    },
    "done": true
  },
  "apotheosis:affix/gem": {
    "criteria": {
      "gem": "2024-07-07 21:13:31 +0000"
    },
    "done": true
  },
  "handcrafted:recipes/misc/black_cushion": {
    "criteria": {
      "has_cushion": "2024-07-07 21:29:17 +0000"
    },
    "done": true
  },
  "slashblade:root": {
    "criteria": {
      "attackTheEntity": "2024-07-07 20:09:40 +0000"
    },
    "done": true
  },
  "minecraft:recipes/building_blocks/polished_deepslate_stairs": {
    "criteria": {
      "has_polished_deepslate": "2024-07-07 21:57:42 +0000"
    },
    "done": true
  },
  "securitycraft:recipes/securitycraft/laser_block": {
    "criteria": {
      "has_stone": "2024-07-07 21:57:42 +0000"
    },
    "done": true
  },
  "ironchest:recipes/ironchest/chests/gold_diamond_chest": {
    "criteria": {
      "has_diamonds": "2024-07-07 22:09:11 +0000"
    },
    "done": true
  },
  "minecraft:recipes/building_blocks/oak_wood": {
    "criteria": {
      "has_log": "2024-07-07 20:08:36 +0000"
    },
    "done": true
  },
  "minecraft:story/root": {
    "criteria": {
      "crafting_table": "2024-07-07 20:15:58 +0000"
    },
    "done": true
  },
  "morevillagers:recipes/gardening_table": {
    "criteria": {
      "has_flower": "2024-07-07 21:35:14 +0000"
    },
    "done": true
  },
  "minecraft:recipes/redstone/dropper": {
    "criteria": {
      "has_redstone": "2024-07-07 22:48:36 +0000"
    },
    "done": true
  },
  "mca:recipes/misc/whistle": {
    "criteria": {
      "has_item": "2024-07-07 21:03:20 +0000"
    },
    "done": true
  },
  "sophisticatedbackpacks:recipes/sophisticatedbackpacks/smoking_upgrade": {
    "criteria": {
      "has_upgrade_base": "2024-07-07 22:17:52 +0000"
    },
    "done": true
  },
  "minecraft:recipes/misc/coal": {
    "criteria": {
      "has_coal_block": "2024-07-07 22:10:21 +0000"
    },
    "done": true
  },
  "smallships:recipes/transportation/jungle_cog": {
    "criteria": {
      "in_water": "2024-07-07 20:06:15 +0000"
    },
    "done": true
  },
  "minecraft:story/form_obsidian": {
    "criteria": {
      "obsidian": "2024-07-08 01:46:34 +0000"
    },
    "done": true
  },
  "armorplus:recipes/armorplus.weapons/crafting/shaped/redstone/redstone_sword": {
    "criteria": {
      "has_req": "2024-07-07 20:08:21 +0000"
    },
    "done": true
  },
  "minecraft:recipes/building_blocks/jungle_slab": {
    "criteria": {
      "has_planks": "2024-07-07 20:06:47 +0000"
    },
    "done": true
  },
  "ironchest:recipes/ironchest/upgrades/iron_to_gold_chest_upgrade": {
    "criteria": {
      "has_iron_ingot": "2024-07-07 21:03:20 +0000"
    },
    "done": true
  },
  "minecraft:recipes/combat/leather_chestplate": {
    "criteria": {
      "has_leather": "2024-07-07 21:14:49 +0000"
    },
    "done": true
  },
  "minecraft:recipes/tools/compass": {
    "criteria": {
      "has_redstone": "2024-07-07 22:48:36 +0000"
    },
    "done": true
  },
  "armorplus:recipes/armorplus.blocks/crafting/shaped/soul_box_adv": {
    "criteria": {
      "has_req": "2024-07-07 22:03:33 +0000"
    },
    "done": true
  },
  "minecraft:recipes/redstone/oak_button": {
    "criteria": {
      "has_planks": "2024-07-07 20:06:36 +0000"
    },
    "done": true
  },
  "rottencreatures:recipes/rottencreatures.rottencreatures/tnt_barrel": {
    "criteria": {
      "has_barrel": "2024-07-07 21:53:06 +0000"
    },
    "done": true
  },
  "handcrafted:recipes/misc/evoker_trophy": {
    "criteria": {
      "has_trophy": "2024-07-07 22:03:33 +0000"
    },
    "done": true
  },
  "sophisticatedbackpacks:recipes/sophisticatedbackpacks/inception_upgrade": {
    "criteria": {
      "has_upgrade_base": "2024-07-07 22:17:52 +0000"
    },
    "done": true
  },
  "byg:root": {
    "criteria": {
      "tick": "2024-07-07 19:52:06 +0000"
    },
    "done": true
  },
  "byg:adventure/oh_the_biomes_youll_go": {
    "criteria": {
      "byg:allium_fields": "2024-07-07 21:19:30 +0000",
      "byg:autumnal_forest": "2024-07-07 19:52:11 +0000",
      "byg:autumnal_valley": "2024-07-07 21:08:44 +0000",
      "byg:skyris_vale": "2024-07-07 21:08:37 +0000"
    },
    "done": false
  },
  "minecraft:recipes/redstone/dark_oak_pressure_plate": {
    "criteria": {
      "has_planks": "2024-07-07 20:07:31 +0000"
    },
    "done": true
  },
  "minecraft:recipes/food/cooked_beef": {
    "criteria": {
      "has_beef": "2024-07-07 21:14:54 +0000"
    },
    "done": true
  },
  "byg:husbandry/root": {
    "criteria": {
      "consumed_item": "2024-07-07 20:06:53 +0000"
    },
    "done": true
  },
  "minecraft:recipes/redstone/iron_door": {
    "criteria": {
      "has_iron_ingot": "2024-07-07 21:03:20 +0000"
    },
    "done": true
  },
  "toms_storage:unlock_dia_pearl": {
    "criteria": {
      "inv_changed-ender_pearl": "2024-07-07 19:52:04 +0000",
      "inv_changed-diamond": "2024-07-07 19:52:04 +0000"
    },
    "done": true
  },
  "betteranimalsplus:root": {
    "criteria": {
      "tick": "2024-07-07 19:52:06 +0000"
    },
    "done": true
  },
  "minecraft:recipes/redstone/oak_door": {
    "criteria": {
      "has_planks": "2024-07-07 20:06:36 +0000"
    },
    "done": true
  },
  "smallships:recipes/transportation/mangrove_galley": {
    "criteria": {
      "in_water": "2024-07-07 20:06:15 +0000"
    },
    "done": true
  },
  "securitycraft:recipes/securitycraft/motion_activated_light": {
    "criteria": {
      "has_stick": "2024-07-07 20:08:21 +0000"
    },
    "done": true
  },
  "minecraft:recipes/transportation/jungle_boat": {
    "criteria": {
      "in_water": "2024-07-07 20:06:15 +0000"
    },
    "done": true
  },
  "minecraft:adventure/shoot_arrow": {
    "criteria": {
      "shot_arrow": "2024-07-07 22:32:34 +0000"
    },
    "done": true
  },
  "armorplus:recipes/armorplus.weapons/crafting/shaped/redstone/redstone_battle_axe": {
    "criteria": {
      "has_req": "2024-07-07 20:08:21 +0000"
    },
    "done": true
  },
  "minecraft:recipes/building_blocks/birch_stairs": {
    "criteria": {
      "has_planks": "2024-07-07 20:10:10 +0000"
    },
    "done": true
  },
  "securitycraft:recipes/securitycraft/mine": {
    "criteria": {
      "has_iron": "2024-07-07 21:03:20 +0000"
    },
    "done": true
  },
  "minecraft:recipes/decorations/stone_brick_walls_from_stone_stonecutting": {
    "criteria": {
      "has_stone": "2024-07-07 22:03:33 +0000"
    },
    "done": true
  },
  "minecraft:recipes/misc/iron_ingot_from_iron_block": {
    "criteria": {
      "has_iron_block": "2024-07-07 22:18:34 +0000"
    },
    "done": true
  },
  "minecraft:recipes/building_blocks/jungle_stairs": {
    "criteria": {
      "has_planks": "2024-07-07 20:06:47 +0000"
    },
    "done": true
  },
  "ironchest:recipes/ironchest/upgrades/wood_to_iron_chest_upgrade": {
    "criteria": {
      "has_iron_ingot": "2024-07-07 21:03:20 +0000"
    },
    "done": true
  },
  "minecraft:recipes/redstone/heavy_weighted_pressure_plate": {
    "criteria": {
      "has_iron_ingot": "2024-07-07 21:03:20 +0000"
    },
    "done": true
  },
  "armorplus:recipes/armorplus.armors/crafting/shaped/coal/coal_leggings": {
    "criteria": {
      "has_req": "2024-07-07 22:10:21 +0000"
    },
    "done": true
  },
  "armorplus:recipes/building_blocks/crafting/shapeless/obsidian_stick_adv": {
    "criteria": {
      "has_req": "2024-07-08 01:46:34 +0000"
    },
    "done": true
  },
  "minecraft:recipes/transportation/dark_oak_boat": {
    "criteria": {
      "in_water": "2024-07-07 20:06:15 +0000"
    },
    "done": true
  },
  "minecraft:recipes/decorations/glow_item_frame": {
    "criteria": {
      "has_item_frame": "2024-07-07 21:19:55 +0000"
    },
    "done": true
  },
  "minecraft:recipes/transportation/carrot_on_a_stick": {
    "criteria": {
      "has_carrot": "2024-07-07 22:45:41 +0000"
    },
    "done": true
  },
  "armorplus:recipes/armorplus.weapons/crafting/shaped/lapis/lapis_bow_alt": {
    "criteria": {
      "has_req": "2024-07-07 21:31:16 +0000"
    },
    "done": true
  },
  "minecraft:recipes/building_blocks/pink_wool": {
    "criteria": {
      "has_white_wool": "2024-07-07 21:29:22 +0000"
    },
    "done": true
  },
  "handcrafted:recipes/misc/golden_thin_pot": {
    "criteria": {
      "has_gold_block": "2024-07-07 22:18:57 +0000"
    },
    "done": true
  },
  "minecraft:recipes/redstone/jungle_door": {
    "criteria": {
      "has_planks": "2024-07-07 20:06:47 +0000"
    },
    "done": true
  },
  "corail_dt:recipes/corail_dt/disk_4_1": {
    "criteria": {
      "requirement1": "2024-07-07 20:17:50 +0000"
    },
    "done": false
  },
  "corail_dt:recipes/corail_dt/disk_4_0": {
    "criteria": {
      "requirement1": "2024-07-07 20:06:36 +0000"
    },
    "done": false
  },
  "armorplus:recipes/armorplus.blocks/crafting/shaped/bricks/orange_stone_brick": {
    "criteria": {
      "has_req": "2024-07-07 21:20:25 +0000"
    },
    "done": true
  },
  "corail_dt:recipes/corail_dt/disk_4_3": {
    "criteria": {
      "requirement1": "2024-07-07 22:09:11 +0000"
    },
    "done": false
  },
  "corail_dt:recipes/corail_dt/disk_4_2": {
    "criteria": {
      "requirement1": "2024-07-07 21:03:20 +0000"
    },
    "done": false
  },
  "corail_dt:recipes/corail_dt/disk_4_4": {
    "criteria": {
      "requirement1": "2024-07-07 21:03:17 +0000"
    },
    "done": false
  },
  "minecraft:recipes/decorations/brown_bed_from_white_bed": {
    "criteria": {
      "has_bed": "2024-07-07 21:46:51 +0000"
    },
    "done": true
  },
  "smallships:recipes/transportation/spruce_galley": {
    "criteria": {
      "in_water": "2024-07-07 20:06:15 +0000"
    },
    "done": true
  },
  "minecraft:recipes/redstone/jungle_fence_gate": {
    "criteria": {
      "has_planks": "2024-07-07 20:06:47 +0000"
    },
    "done": true
  },
  "armorplus:recipes/building_blocks/crafting/shapeless/wooden_rod_adv": {
    "criteria": {
      "has_req": "2024-07-07 20:08:21 +0000"
    },
    "done": true
  },
  "minecraft:recipes/misc/mojang_banner_pattern": {
    "criteria": {
      "has_enchanted_golden_apple": "2024-07-07 19:54:05 +0000"
    },
    "done": true
  },
  "minecraft:recipes/redstone/birch_trapdoor": {
    "criteria": {
      "has_planks": "2024-07-07 20:10:10 +0000"
    },
    "done": true
  },
  "minecraft:recipes/combat/golden_leggings": {
    "criteria": {
      "has_gold_ingot": "2024-07-07 21:03:17 +0000"
    },
    "done": true
  },
  "securitycraft:recipes/securitycraft/briefcase": {
    "criteria": {
      "has_iron": "2024-07-07 21:03:20 +0000"
    },
    "done": true
  },
  "minecraft:recipes/redstone/piston": {
    "criteria": {
      "has_redstone": "2024-07-07 22:48:36 +0000"
    },
    "done": true
  },
  "sophisticatedbackpacks:recipes/sophisticatedbackpacks/pickup_upgrade": {
    "criteria": {
      "has_upgrade_base": "2024-07-07 22:17:52 +0000"
    },
    "done": true
  },
  "minecraft:recipes/building_blocks/stone_stairs": {
    "criteria": {
      "has_stone": "2024-07-07 22:03:33 +0000"
    },
    "done": true
  },
  "minecraft:recipes/redstone/spruce_trapdoor": {
    "criteria": {
      "has_planks": "2024-07-07 21:20:25 +0000"
    },
    "done": true
  },
  "armorplus:recipes/armorplus.weapons/crafting/shaped/obsidian/obsidian_bow_alt": {
    "criteria": {
      "has_req": "2024-07-07 21:31:16 +0000"
    },
    "done": true
  },
  "betteranimalsplus:bad_fox": {
    "criteria": {
      "no_bam": "2024-07-07 19:52:12 +0000"
    },
    "done": false
  },
  "smallships:recipes/transportation/dark_oak_brigg": {
    "criteria": {
      "in_water": "2024-07-07 20:06:15 +0000"
    },
    "done": true
  },
  "minecraft:recipes/food/cooked_beef_from_campfire_cooking": {
    "criteria": {
      "has_beef": "2024-07-07 21:14:54 +0000"
    },
    "done": true
  },
  "minecraft:recipes/decorations/dark_oak_fence": {
    "criteria": {
      "has_planks": "2024-07-07 20:07:31 +0000"
    },
    "done": true
  },
  "sophisticatedbackpacks:recipes/sophisticatedbackpacks/stonecutter_upgrade": {
    "criteria": {
      "has_upgrade_base": "2024-07-07 22:17:52 +0000"
    },
    "done": true
  },
  "minecraft:recipes/combat/diamond_boots": {
    "criteria": {
      "has_diamond": "2024-07-07 22:09:11 +0000"
    },
    "done": true
  },
  "morevillagers:recipes/mining_bench": {
    "criteria": {
      "has_iron_pickaxe": "2024-07-07 21:38:53 +0000"
    },
    "done": true
  },
  "securitycraft:recipes/securitycraft/reinforced_fence_gate": {
    "criteria": {
      "has_iron": "2024-07-07 21:03:20 +0000"
    },
    "done": true
  },
  "mca:recipes/misc/blueprint": {
    "criteria": {
      "has_item": "2024-07-07 21:45:13 +0000"
    },
    "done": true
  },
  "smallships:recipes/transportation/dark_oak_cog": {
    "criteria": {
      "in_water": "2024-07-07 20:06:15 +0000"
    },
    "done": true
  },
  "armorplus:recipes/armorplus.armors/crafting/shaped/coal/coal_helmet_alt": {
    "criteria": {
      "has_req": "2024-07-07 22:10:21 +0000"
    },
    "done": true
  },
  "minecraft:recipes/decorations/soul_campfire": {
    "criteria": {
      "has_stick": "2024-07-07 20:08:21 +0000"
    },
    "done": true
  },
  "sophisticatedbackpacks:recipes/sophisticatedbackpacks/compacting_upgrade": {
    "criteria": {
      "has_upgrade_base": "2024-07-07 22:17:52 +0000"
    },
    "done": true
  },
  "minecraft:story/smelt_iron": {
    "criteria": {
      "iron": "2024-07-07 21:03:20 +0000"
    },
    "done": true
  },
  "armorplus:recipes/armorplus.blocks/crafting/shaped/bricks/yellow_stone_brick": {
    "criteria": {
      "has_req": "2024-07-07 21:20:25 +0000"
    },
    "done": true
  },
  "morevillagers:first_workstation_get": {
    "criteria": {
      "barrel": "2024-07-07 21:53:06 +0000"
    },
    "done": true
  },
  "minecraft:recipes/building_blocks/mossy_cobblestone_stairs": {
    "criteria": {
      "has_mossy_cobblestone": "2024-07-08 01:40:06 +0000"
    },
    "done": true
  },
  "armorplus:recipes/armorplus.weapons/crafting/shaped/coal/coal_sword": {
    "criteria": {
      "has_req": "2024-07-07 20:08:21 +0000"
    },
    "done": true
  },
  "minecraft:recipes/decorations/light_gray_bed_from_white_bed": {
    "criteria": {
      "has_bed": "2024-07-07 21:46:51 +0000"
    },
    "done": true
  },
  "sophisticatedbackpacks:recipes/sophisticatedbackpacks/tank_upgrade": {
    "criteria": {
      "has_upgrade_base": "2024-07-07 22:17:52 +0000"
    },
    "done": true
  },
  "DataVersion": 3120
}